,round_epochs,val_loss,val_accuracy,loss,accuracy,activation,batch_size,dropout,epochs,last_activation,losses,lr,neuron_tuple,optimizer
0,200,16.30843904715132,0.6351351141929626,0.07035758578682565,0.9733333587646484,<function relu at 0x7f266b967bf8>,8,0.2,200,<function sigmoid at 0x7f266b967d08>,<function binary_crossentropy at 0x7f266ba16b70>,0.05,"[50, 25, 20]",<class 'keras.optimizers.Nadam'>
1,100,27.090687150877486,0.5270270109176636,0.03006047223454863,0.9777777791023254,<function relu at 0x7f266b967bf8>,2,0.30000000000000004,100,<function sigmoid at 0x7f266b967d08>,<function binary_crossentropy at 0x7f266ba16b70>,0.32,[20],<class 'keras.optimizers.Nadam'>
2,200,43.02749805694625,0.5540540814399719,0.005429810312582858,0.995555579662323,<function relu at 0x7f266b967bf8>,5,0.0,200,<function sigmoid at 0x7f266b967d08>,<function binary_crossentropy at 0x7f266ba16b70>,0.32,"[25, 20]",<class 'keras.optimizers.Nadam'>
3,200,17.51553178889397,0.662162184715271,0.692000656489046,0.8888888955116272,<function elu at 0x7f266b9679d8>,9,0.4,200,<function sigmoid at 0x7f266b967d08>,<function binary_crossentropy at 0x7f266ba16b70>,0.05,[20],<class 'keras.optimizers.Nadam'>
4,200,28.18581200452735,0.5945945978164673,0.010238074221151973,0.9911110997200012,<function relu at 0x7f266b967bf8>,2,0.0,200,<function sigmoid at 0x7f266b967d08>,<function binary_crossentropy at 0x7f266ba16b70>,0.41000000000000003,"[25, 20]",<class 'keras.optimizers.Nadam'>
5,200,35.46696584611334,0.5675675868988037,0.01438467277028053,0.995555579662323,<function relu at 0x7f266b967bf8>,3,0.30000000000000004,200,<function sigmoid at 0x7f266b967d08>,<function binary_crossentropy at 0x7f266ba16b70>,0.41000000000000003,[20],<class 'keras.optimizers.Nadam'>
6,100,29.913161264443016,0.45945945382118225,0.002500852217017382,1.0,<function relu at 0x7f266b967bf8>,9,0.0,100,<function sigmoid at 0x7f266b967d08>,<function binary_crossentropy at 0x7f266ba16b70>,0.41000000000000003,"[50, 25, 20]",<class 'keras.optimizers.Adam'>
7,100,10.565313674308157,0.5675675868988037,0.010032488385257035,1.0,<function relu at 0x7f266b967bf8>,8,0.0,100,<function sigmoid at 0x7f266b967d08>,<function binary_crossentropy at 0x7f266ba16b70>,0.05,"[50, 25, 20]",<class 'keras.optimizers.Nadam'>
8,100,14.193320195687672,0.5945945978164673,0.06401926348101124,0.9866666793823242,<function relu at 0x7f266b967bf8>,3,0.2,100,<function sigmoid at 0x7f266b967d08>,<function binary_crossentropy at 0x7f266ba16b70>,0.05,"[50, 25, 20]",<class 'keras.optimizers.Nadam'>
9,200,16.84832792599974,0.6081081032752991,0.017535938122748194,0.9911110997200012,<function elu at 0x7f266b9679d8>,3,0.30000000000000004,200,<function sigmoid at 0x7f266b967d08>,<function binary_crossentropy at 0x7f266ba16b70>,0.05,"[50, 25, 20]",<class 'keras.optimizers.Nadam'>
10,100,10.651245891987747,0.5945945978164673,0.08698764646668947,0.9688888788223267,<function relu at 0x7f266b967bf8>,3,0.30000000000000004,100,<function sigmoid at 0x7f266b967d08>,<function binary_crossentropy at 0x7f266ba16b70>,0.14,"[50, 25, 20]",<class 'keras.optimizers.Adam'>
11,200,36.94219017190528,0.5945945978164673,0.006918064514845809,1.0,<function relu at 0x7f266b967bf8>,3,0.4,200,<function sigmoid at 0x7f266b967d08>,<function binary_crossentropy at 0x7f266ba16b70>,0.41000000000000003,[20],<class 'keras.optimizers.Adam'>
12,100,26.925887817011628,0.5675675868988037,0.020938064364325697,0.9911110997200012,<function elu at 0x7f266b9679d8>,3,0.4,100,<function sigmoid at 0x7f266b967d08>,<function binary_crossentropy at 0x7f266ba16b70>,0.23000000000000004,[20],<class 'keras.optimizers.Nadam'>
13,100,23.573224119237953,0.5810810923576355,0.02718286805131081,0.9866666793823242,<function relu at 0x7f266b967bf8>,7,0.1,100,<function sigmoid at 0x7f266b967d08>,<function binary_crossentropy at 0x7f266ba16b70>,0.32,"[50, 25, 20]",<class 'keras.optimizers.Adam'>
14,100,25.218176722300427,0.6081081032752991,0.009967611419973665,0.995555579662323,<function elu at 0x7f266b9679d8>,4,0.4,100,<function sigmoid at 0x7f266b967d08>,<function binary_crossentropy at 0x7f266ba16b70>,0.41000000000000003,"[50, 25, 20]",<class 'keras.optimizers.Nadam'>
15,200,34.22430667361698,0.5675675868988037,0.04721383671025235,0.9866666793823242,<function relu at 0x7f266b967bf8>,8,0.2,200,<function sigmoid at 0x7f266b967d08>,<function binary_crossentropy at 0x7f266ba16b70>,0.32,[20],<class 'keras.optimizers.Adam'>
16,200,27.730811628135474,0.5945945978164673,0.006725708221618131,1.0,<function elu at 0x7f266b9679d8>,7,0.0,200,<function sigmoid at 0x7f266b967d08>,<function binary_crossentropy at 0x7f266ba16b70>,0.41000000000000003,[20],<class 'keras.optimizers.Adam'>
17,100,27.032108121282953,0.6216216087341309,0.012802143300483352,0.995555579662323,<function relu at 0x7f266b967bf8>,6,0.1,100,<function sigmoid at 0x7f266b967d08>,<function binary_crossentropy at 0x7f266ba16b70>,0.32,"[50, 25, 20]",<class 'keras.optimizers.Nadam'>
18,100,13.528337673814152,0.6216216087341309,0.08816798286144603,0.9688888788223267,<function relu at 0x7f266b967bf8>,6,0.1,100,<function sigmoid at 0x7f266b967d08>,<function binary_crossentropy at 0x7f266ba16b70>,0.14,[20],<class 'keras.optimizers.Adam'>
19,100,34.16615426867031,0.5675675868988037,0.005392459230325022,0.995555579662323,<function relu at 0x7f266b967bf8>,6,0.2,100,<function sigmoid at 0x7f266b967d08>,<function binary_crossentropy at 0x7f266ba16b70>,0.41000000000000003,"[50, 25, 20]",<class 'keras.optimizers.Nadam'>
20,200,14.99299841897818,0.5540540814399719,0.14458256944474884,0.9555555582046509,<function relu at 0x7f266b967bf8>,2,0.4,200,<function sigmoid at 0x7f266b967d08>,<function binary_crossentropy at 0x7f266ba16b70>,0.05,"[25, 20]",<class 'keras.optimizers.Adam'>
21,100,15.947547255335627,0.5405405163764954,0.008728196657013743,1.0,<function relu at 0x7f266b967bf8>,8,0.0,100,<function sigmoid at 0x7f266b967d08>,<function binary_crossentropy at 0x7f266ba16b70>,0.23000000000000004,"[25, 20]",<class 'keras.optimizers.Adam'>
22,100,12.169847578615755,0.6486486196517944,0.0718875294080418,0.9644444584846497,<function relu at 0x7f266b967bf8>,8,0.30000000000000004,100,<function sigmoid at 0x7f266b967d08>,<function binary_crossentropy at 0x7f266ba16b70>,0.14,[20],<class 'keras.optimizers.Nadam'>
23,100,11.307931472341266,0.6216216087341309,0.06159927186012889,0.9866666793823242,<function relu at 0x7f266b967bf8>,6,0.4,100,<function sigmoid at 0x7f266b967d08>,<function binary_crossentropy at 0x7f266ba16b70>,0.41000000000000003,[20],<class 'keras.optimizers.Adam'>
24,100,33.10350255950077,0.5,0.005711848007139224,0.995555579662323,<function relu at 0x7f266b967bf8>,9,0.0,100,<function sigmoid at 0x7f266b967d08>,<function binary_crossentropy at 0x7f266ba16b70>,0.14,"[25, 20]",<class 'keras.optimizers.Nadam'>
25,200,19.454584678913456,0.5810810923576355,0.04054091986092317,0.9866666793823242,<function relu at 0x7f266b967bf8>,9,0.2,200,<function sigmoid at 0x7f266b967d08>,<function binary_crossentropy at 0x7f266ba16b70>,0.05,"[25, 20]",<class 'keras.optimizers.Nadam'>
26,100,26.322326072450686,0.5945945978164673,0.03396921722875224,0.9911110997200012,<function elu at 0x7f266b9679d8>,5,0.4,100,<function sigmoid at 0x7f266b967d08>,<function binary_crossentropy at 0x7f266ba16b70>,0.41000000000000003,"[25, 20]",<class 'keras.optimizers.Nadam'>
27,100,14.806152540284234,0.5540540814399719,0.015548496819942052,0.995555579662323,<function relu at 0x7f266b967bf8>,7,0.0,100,<function sigmoid at 0x7f266b967d08>,<function binary_crossentropy at 0x7f266ba16b70>,0.32,[20],<class 'keras.optimizers.Adam'>
28,100,21.819832723720527,0.6351351141929626,0.01873469483538345,0.9911110997200012,<function elu at 0x7f266b9679d8>,2,0.1,100,<function sigmoid at 0x7f266b967d08>,<function binary_crossentropy at 0x7f266ba16b70>,0.14,"[25, 20]",<class 'keras.optimizers.Nadam'>
29,200,44.123817701597474,0.5810810923576355,0.0004623030055101559,1.0,<function relu at 0x7f266b967bf8>,8,0.0,200,<function sigmoid at 0x7f266b967d08>,<function binary_crossentropy at 0x7f266ba16b70>,0.41000000000000003,"[50, 25, 20]",<class 'keras.optimizers.Nadam'>
30,100,30.196646501886413,0.5810810923576355,0.006897648791929323,0.995555579662323,<function elu at 0x7f266b9679d8>,2,0.30000000000000004,100,<function sigmoid at 0x7f266b967d08>,<function binary_crossentropy at 0x7f266ba16b70>,0.41000000000000003,"[25, 20]",<class 'keras.optimizers.Nadam'>
31,100,15.505623139239646,0.5540540814399719,0.028200236850607324,0.9911110997200012,<function elu at 0x7f266b9679d8>,9,0.2,100,<function sigmoid at 0x7f266b967d08>,<function binary_crossentropy at 0x7f266ba16b70>,0.14,"[50, 25, 20]",<class 'keras.optimizers.Adam'>
32,100,26.479011634466964,0.5810810923576355,0.006060969712994809,0.995555579662323,<function relu at 0x7f266b967bf8>,3,0.0,100,<function sigmoid at 0x7f266b967d08>,<function binary_crossentropy at 0x7f266ba16b70>,0.32,"[25, 20]",<class 'keras.optimizers.Adam'>
33,100,24.468599794683524,0.5810810923576355,0.03566916619326932,0.9866666793823242,<function relu at 0x7f266b967bf8>,9,0.30000000000000004,100,<function sigmoid at 0x7f266b967d08>,<function binary_crossentropy at 0x7f266ba16b70>,0.32,"[50, 25, 20]",<class 'keras.optimizers.Nadam'>
34,100,16.658056117392874,0.662162184715271,0.1519098750150038,0.9333333373069763,<function relu at 0x7f266b967bf8>,8,0.4,100,<function sigmoid at 0x7f266b967d08>,<function binary_crossentropy at 0x7f266ba16b70>,0.14,"[25, 20]",<class 'keras.optimizers.Adam'>
35,200,31.365058415305256,0.6216216087341309,0.006962887306320341,0.995555579662323,<function elu at 0x7f266b9679d8>,4,0.1,200,<function sigmoid at 0x7f266b967d08>,<function binary_crossentropy at 0x7f266ba16b70>,0.41000000000000003,"[25, 20]",<class 'keras.optimizers.Nadam'>
36,100,8.060238231942561,0.7432432174682617,0.371647292568814,0.9066666960716248,<function elu at 0x7f266b9679d8>,9,0.2,100,<function sigmoid at 0x7f266b967d08>,<function binary_crossentropy at 0x7f266ba16b70>,0.05,"[50, 25, 20]",<class 'keras.optimizers.Adam'>
37,100,19.640276790868,0.5,0.019834154132028565,0.995555579662323,<function relu at 0x7f266b967bf8>,3,0.30000000000000004,100,<function sigmoid at 0x7f266b967d08>,<function binary_crossentropy at 0x7f266ba16b70>,0.41000000000000003,[20],<class 'keras.optimizers.Adam'>
38,200,12.532922771746353,0.5945945978164673,0.1132251002104752,0.9555555582046509,<function relu at 0x7f266b967bf8>,9,0.2,200,<function sigmoid at 0x7f266b967d08>,<function binary_crossentropy at 0x7f266ba16b70>,0.05,[20],<class 'keras.optimizers.Nadam'>
39,200,17.08897009814108,0.6351351141929626,0.30450578181261145,0.9333333373069763,<function relu at 0x7f266b967bf8>,8,0.30000000000000004,200,<function sigmoid at 0x7f266b967d08>,<function binary_crossentropy at 0x7f266ba16b70>,0.05,[20],<class 'keras.optimizers.Adam'>
40,100,23.687010644347392,0.5945945978164673,0.020447093822550118,0.9911110997200012,<function elu at 0x7f266b9679d8>,5,0.1,100,<function sigmoid at 0x7f266b967d08>,<function binary_crossentropy at 0x7f266ba16b70>,0.41000000000000003,"[50, 25, 20]",<class 'keras.optimizers.Nadam'>
41,100,19.97152102489114,0.5810810923576355,0.004186356356230259,1.0,<function elu at 0x7f266b9679d8>,2,0.0,100,<function sigmoid at 0x7f266b967d08>,<function binary_crossentropy at 0x7f266ba16b70>,0.05,"[50, 25, 20]",<class 'keras.optimizers.Nadam'>
42,200,32.84029486372664,0.5540540814399719,0.017279538490669464,0.9911110997200012,<function relu at 0x7f266b967bf8>,8,0.1,200,<function sigmoid at 0x7f266b967d08>,<function binary_crossentropy at 0x7f266ba16b70>,0.14,"[50, 25, 20]",<class 'keras.optimizers.Nadam'>
43,100,27.873160537835712,0.3918918967247009,0.00809433970565431,1.0,<function relu at 0x7f266b967bf8>,4,0.0,100,<function sigmoid at 0x7f266b967d08>,<function binary_crossentropy at 0x7f266ba16b70>,0.14,[20],<class 'keras.optimizers.Nadam'>
44,200,39.25022834184504,0.5810810923576355,0.0027254929978295195,1.0,<function relu at 0x7f266b967bf8>,9,0.0,200,<function sigmoid at 0x7f266b967d08>,<function binary_crossentropy at 0x7f266ba16b70>,0.41000000000000003,"[50, 25, 20]",<class 'keras.optimizers.Nadam'>
45,100,27.246941270054997,0.5540540814399719,0.0053907551832201445,0.995555579662323,<function relu at 0x7f266b967bf8>,7,0.0,100,<function sigmoid at 0x7f266b967d08>,<function binary_crossentropy at 0x7f266ba16b70>,0.41000000000000003,"[50, 25, 20]",<class 'keras.optimizers.Adam'>
46,100,24.17302490470913,0.662162184715271,0.012359119560779765,1.0,<function relu at 0x7f266b967bf8>,2,0.2,100,<function sigmoid at 0x7f266b967d08>,<function binary_crossentropy at 0x7f266ba16b70>,0.32,[20],<class 'keras.optimizers.Adam'>
47,100,12.04116509385042,0.5540540814399719,0.009190245060238984,1.0,<function relu at 0x7f266b967bf8>,4,0.0,100,<function sigmoid at 0x7f266b967d08>,<function binary_crossentropy at 0x7f266ba16b70>,0.05,"[25, 20]",<class 'keras.optimizers.Nadam'>
