,round_epochs,val_loss,val_accuracy,loss,accuracy,activation,batch_size,dropout,epochs,last_activation,losses,lr,neuron_tuple,optimizer
0,200,23.537768005429015,0.5810810923576355,0.004601271259511485,1.0,<function elu at 0x7f266b9679d8>,6,0.0,200,<function sigmoid at 0x7f266b967d08>,<function binary_crossentropy at 0x7f266ba16b70>,0.41000000000000003,"[50, 25, 20]",<class 'keras.optimizers.Adam'>
1,100,3.716333289001439,0.6081081032752991,0.613178996999461,0.7443609237670898,<function relu at 0x7f266b967bf8>,9,0.1,100,<function sigmoid at 0x7f266b967d08>,<function binary_crossentropy at 0x7f266ba16b70>,0.05,"[50, 25, 20]",<class 'keras.optimizers.Adam'>
2,200,30.177645792832244,0.5675675868988037,0.05174010405096868,0.969924807548523,<function relu at 0x7f266b967bf8>,7,0.4,200,<function sigmoid at 0x7f266b967d08>,<function binary_crossentropy at 0x7f266ba16b70>,0.41000000000000003,[20],<class 'keras.optimizers.Adam'>
3,100,28.94639644107303,0.5540540814399719,0.04638814991621506,0.9849624037742615,<function relu at 0x7f266b967bf8>,7,0.2,100,<function sigmoid at 0x7f266b967d08>,<function binary_crossentropy at 0x7f266ba16b70>,0.32,"[50, 25, 20]",<class 'keras.optimizers.Nadam'>
4,200,12.725701947704119,0.5405405163764954,0.171602249931778,0.932330846786499,<function relu at 0x7f266b967bf8>,3,0.2,200,<function sigmoid at 0x7f266b967d08>,<function binary_crossentropy at 0x7f266ba16b70>,0.05,"[25, 20]",<class 'keras.optimizers.Adam'>
5,200,21.574141936678743,0.6351351141929626,2.3283084103495915,0.7744361162185669,<function relu at 0x7f266b967bf8>,5,0.4,200,<function sigmoid at 0x7f266b967d08>,<function binary_crossentropy at 0x7f266ba16b70>,0.05,[20],<class 'keras.optimizers.Adam'>
6,200,16.624716810375084,0.5810810923576355,0.1944569922437457,0.932330846786499,<function relu at 0x7f266b967bf8>,9,0.1,200,<function sigmoid at 0x7f266b967d08>,<function binary_crossentropy at 0x7f266ba16b70>,0.05,"[50, 25, 20]",<class 'keras.optimizers.Adam'>
7,200,25.503296081239874,0.5945945978164673,0.13926333096692387,0.9624060392379761,<function relu at 0x7f266b967bf8>,4,0.2,200,<function sigmoid at 0x7f266b967d08>,<function binary_crossentropy at 0x7f266ba16b70>,0.23000000000000004,"[25, 20]",<class 'keras.optimizers.Adam'>
8,100,21.156841185107726,0.662162184715271,0.007049602041913503,1.0,<function relu at 0x7f266b967bf8>,3,0.0,100,<function sigmoid at 0x7f266b967d08>,<function binary_crossentropy at 0x7f266ba16b70>,0.41000000000000003,"[25, 20]",<class 'keras.optimizers.Adam'>
9,200,50.788720407384474,0.5675675868988037,0.0160759840995427,0.9849624037742615,<function relu at 0x7f266b967bf8>,3,0.30000000000000004,200,<function sigmoid at 0x7f266b967d08>,<function binary_crossentropy at 0x7f266ba16b70>,0.41000000000000003,"[50, 25, 20]",<class 'keras.optimizers.Adam'>
10,100,16.10369311748052,0.5810810923576355,0.013680743937611692,1.0,<function relu at 0x7f266b967bf8>,4,0.0,100,<function sigmoid at 0x7f266b967d08>,<function binary_crossentropy at 0x7f266ba16b70>,0.05,"[50, 25, 20]",<class 'keras.optimizers.Adam'>
11,100,22.816469925772314,0.5945945978164673,0.05542242158599413,0.9849624037742615,<function relu at 0x7f266b967bf8>,3,0.2,100,<function sigmoid at 0x7f266b967d08>,<function binary_crossentropy at 0x7f266ba16b70>,0.32,[20],<class 'keras.optimizers.Adam'>
12,200,29.87520640585872,0.5810810923576355,0.006142038811294884,1.0,<function relu at 0x7f266b967bf8>,6,0.0,200,<function sigmoid at 0x7f266b967d08>,<function binary_crossentropy at 0x7f266ba16b70>,0.14,"[50, 25, 20]",<class 'keras.optimizers.Adam'>
13,100,15.234916564829119,0.5675675868988037,0.024991695313877797,0.9924812316894531,<function elu at 0x7f266b9679d8>,5,0.0,100,<function sigmoid at 0x7f266b967d08>,<function binary_crossentropy at 0x7f266ba16b70>,0.41000000000000003,"[50, 25, 20]",<class 'keras.optimizers.Adam'>
14,100,13.4344641276308,0.5405405163764954,0.15782707509465685,0.969924807548523,<function relu at 0x7f266b967bf8>,9,0.30000000000000004,100,<function sigmoid at 0x7f266b967d08>,<function binary_crossentropy at 0x7f266ba16b70>,0.23000000000000004,"[25, 20]",<class 'keras.optimizers.Adam'>
15,100,14.371262244955712,0.6216216087341309,0.11958034637072608,0.9548872113227844,<function relu at 0x7f266b967bf8>,6,0.4,100,<function sigmoid at 0x7f266b967d08>,<function binary_crossentropy at 0x7f266ba16b70>,0.23000000000000004,"[25, 20]",<class 'keras.optimizers.Nadam'>
16,200,12.940424868648906,0.5810810923576355,0.015270419601365506,1.0,<function elu at 0x7f266b9679d8>,4,0.0,200,<function sigmoid at 0x7f266b967d08>,<function binary_crossentropy at 0x7f266ba16b70>,0.14,[20],<class 'keras.optimizers.Adam'>
17,100,12.187892275675244,0.6756756901741028,1.231722499824975,0.7368420958518982,<function relu at 0x7f266b967bf8>,3,0.4,100,<function sigmoid at 0x7f266b967d08>,<function binary_crossentropy at 0x7f266ba16b70>,0.05,"[25, 20]",<class 'keras.optimizers.Adam'>
18,100,15.79145667186624,0.5675675868988037,0.00778306927046096,1.0,<function elu at 0x7f266b9679d8>,4,0.0,100,<function sigmoid at 0x7f266b967d08>,<function binary_crossentropy at 0x7f266ba16b70>,0.41000000000000003,"[50, 25, 20]",<class 'keras.optimizers.Adam'>
19,200,30.799893083331973,0.5945945978164673,0.019663513976544054,0.9849624037742615,<function relu at 0x7f266b967bf8>,6,0.1,200,<function sigmoid at 0x7f266b967d08>,<function binary_crossentropy at 0x7f266ba16b70>,0.41000000000000003,"[50, 25, 20]",<class 'keras.optimizers.Nadam'>
20,200,32.25652725632126,0.5405405163764954,0.1704516291006941,0.969924807548523,<function elu at 0x7f266b9679d8>,8,0.2,200,<function sigmoid at 0x7f266b967d08>,<function binary_crossentropy at 0x7f266ba16b70>,0.23000000000000004,[20],<class 'keras.optimizers.Adam'>
21,100,18.150838916015253,0.6081081032752991,0.022326042146909787,0.9924812316894531,<function relu at 0x7f266b967bf8>,6,0.1,100,<function sigmoid at 0x7f266b967d08>,<function binary_crossentropy at 0x7f266ba16b70>,0.14,"[50, 25, 20]",<class 'keras.optimizers.Nadam'>
22,200,24.94227364155914,0.5540540814399719,0.018902518176840924,0.9924812316894531,<function relu at 0x7f266b967bf8>,2,0.30000000000000004,200,<function sigmoid at 0x7f266b967d08>,<function binary_crossentropy at 0x7f266ba16b70>,0.32,[20],<class 'keras.optimizers.Adam'>
23,200,14.277630873885927,0.6081081032752991,0.008315050217904952,1.0,<function elu at 0x7f266b9679d8>,6,0.0,200,<function sigmoid at 0x7f266b967d08>,<function binary_crossentropy at 0x7f266ba16b70>,0.14,"[50, 25, 20]",<class 'keras.optimizers.Adam'>
24,200,20.119129509539217,0.5675675868988037,0.030185993013917067,0.9849624037742615,<function elu at 0x7f266b9679d8>,8,0.30000000000000004,200,<function sigmoid at 0x7f266b967d08>,<function binary_crossentropy at 0x7f266ba16b70>,0.32,"[50, 25, 20]",<class 'keras.optimizers.Adam'>
25,100,24.800726372245197,0.6216216087341309,0.03428651550101735,0.9924812316894531,<function relu at 0x7f266b967bf8>,5,0.2,100,<function sigmoid at 0x7f266b967d08>,<function binary_crossentropy at 0x7f266ba16b70>,0.41000000000000003,"[50, 25, 20]",<class 'keras.optimizers.Adam'>
26,200,19.94058599343171,0.5675675868988037,0.03315314755826349,0.9924812316894531,<function relu at 0x7f266b967bf8>,7,0.30000000000000004,200,<function sigmoid at 0x7f266b967d08>,<function binary_crossentropy at 0x7f266ba16b70>,0.23000000000000004,"[25, 20]",<class 'keras.optimizers.Nadam'>
27,100,20.820936527156082,0.6081081032752991,0.029055307058016913,0.9849624037742615,<function elu at 0x7f266b9679d8>,2,0.30000000000000004,100,<function sigmoid at 0x7f266b967d08>,<function binary_crossentropy at 0x7f266ba16b70>,0.41000000000000003,"[50, 25, 20]",<class 'keras.optimizers.Adam'>
28,200,22.716516458970073,0.6081081032752991,0.04179982381649304,0.9924812316894531,<function relu at 0x7f266b967bf8>,6,0.4,200,<function sigmoid at 0x7f266b967d08>,<function binary_crossentropy at 0x7f266ba16b70>,0.14,"[50, 25, 20]",<class 'keras.optimizers.Nadam'>
29,200,17.956950651632773,0.5540540814399719,0.014798437134026642,1.0,<function elu at 0x7f266b9679d8>,8,0.0,200,<function sigmoid at 0x7f266b967d08>,<function binary_crossentropy at 0x7f266ba16b70>,0.23000000000000004,[20],<class 'keras.optimizers.Adam'>
30,100,16.006111095634264,0.5945945978164673,0.06714823694042059,0.9849624037742615,<function elu at 0x7f266b9679d8>,6,0.2,100,<function sigmoid at 0x7f266b967d08>,<function binary_crossentropy at 0x7f266ba16b70>,0.41000000000000003,"[50, 25, 20]",<class 'keras.optimizers.Adam'>
31,100,21.303338566772844,0.5270270109176636,0.011311569427056028,1.0,<function elu at 0x7f266b9679d8>,5,0.0,100,<function sigmoid at 0x7f266b967d08>,<function binary_crossentropy at 0x7f266ba16b70>,0.32,[20],<class 'keras.optimizers.Adam'>
32,100,11.620446557934219,0.5675675868988037,0.10042992272830911,0.9548872113227844,<function elu at 0x7f266b9679d8>,7,0.30000000000000004,100,<function sigmoid at 0x7f266b967d08>,<function binary_crossentropy at 0x7f266ba16b70>,0.23000000000000004,"[50, 25, 20]",<class 'keras.optimizers.Adam'>
33,200,34.700870843056116,0.5,0.009276328946533085,1.0,<function relu at 0x7f266b967bf8>,2,0.0,200,<function sigmoid at 0x7f266b967d08>,<function binary_crossentropy at 0x7f266ba16b70>,0.05,"[25, 20]",<class 'keras.optimizers.Nadam'>
34,100,12.956490929062301,0.5810810923576355,0.05297547344854049,0.969924807548523,<function elu at 0x7f266b9679d8>,8,0.2,100,<function sigmoid at 0x7f266b967d08>,<function binary_crossentropy at 0x7f266ba16b70>,0.32,[20],<class 'keras.optimizers.Nadam'>
35,200,19.829361679322083,0.5945945978164673,0.06870196425685085,0.9548872113227844,<function relu at 0x7f266b967bf8>,9,0.1,200,<function sigmoid at 0x7f266b967d08>,<function binary_crossentropy at 0x7f266ba16b70>,0.14,[20],<class 'keras.optimizers.Adam'>
36,100,19.037987778712317,0.6486486196517944,0.3210072647027043,0.9172932505607605,<function elu at 0x7f266b9679d8>,4,0.2,100,<function sigmoid at 0x7f266b967d08>,<function binary_crossentropy at 0x7f266ba16b70>,0.14,[20],<class 'keras.optimizers.Adam'>
37,200,32.575300205121124,0.5810810923576355,0.009226272324693916,1.0,<function relu at 0x7f266b967bf8>,4,0.0,200,<function sigmoid at 0x7f266b967d08>,<function binary_crossentropy at 0x7f266ba16b70>,0.41000000000000003,[20],<class 'keras.optimizers.Nadam'>
38,100,16.430596139267653,0.5,0.022052218941512262,1.0,<function elu at 0x7f266b9679d8>,2,0.0,100,<function sigmoid at 0x7f266b967d08>,<function binary_crossentropy at 0x7f266ba16b70>,0.05,[20],<class 'keras.optimizers.Nadam'>
39,100,22.55621845941129,0.5810810923576355,0.012409327103561449,1.0,<function elu at 0x7f266b9679d8>,3,0.4,100,<function sigmoid at 0x7f266b967d08>,<function binary_crossentropy at 0x7f266ba16b70>,0.41000000000000003,"[25, 20]",<class 'keras.optimizers.Adam'>
40,100,11.373285243954712,0.6351351141929626,0.013746925045547287,1.0,<function elu at 0x7f266b9679d8>,5,0.0,100,<function sigmoid at 0x7f266b967d08>,<function binary_crossentropy at 0x7f266ba16b70>,0.05,"[50, 25, 20]",<class 'keras.optimizers.Adam'>
41,100,31.72837262487099,0.5945945978164673,0.04871727539926173,0.969924807548523,<function relu at 0x7f266b967bf8>,2,0.2,100,<function sigmoid at 0x7f266b967d08>,<function binary_crossentropy at 0x7f266ba16b70>,0.41000000000000003,"[50, 25, 20]",<class 'keras.optimizers.Adam'>
42,100,19.329634982211566,0.5810810923576355,0.009699597096693043,1.0,<function elu at 0x7f266b9679d8>,6,0.0,100,<function sigmoid at 0x7f266b967d08>,<function binary_crossentropy at 0x7f266ba16b70>,0.41000000000000003,"[25, 20]",<class 'keras.optimizers.Adam'>
43,200,14.922242153788337,0.6081081032752991,0.017213657087035573,1.0,<function elu at 0x7f266b9679d8>,5,0.0,200,<function sigmoid at 0x7f266b967d08>,<function binary_crossentropy at 0x7f266ba16b70>,0.23000000000000004,[20],<class 'keras.optimizers.Adam'>
44,200,26.10394144717707,0.5405405163764954,0.02146372512667179,0.9924812316894531,<function elu at 0x7f266b9679d8>,3,0.4,200,<function sigmoid at 0x7f266b967d08>,<function binary_crossentropy at 0x7f266ba16b70>,0.23000000000000004,[20],<class 'keras.optimizers.Adam'>
45,100,12.542925009856353,0.5810810923576355,0.14082803885291392,0.9248120188713074,<function relu at 0x7f266b967bf8>,8,0.4,100,<function sigmoid at 0x7f266b967d08>,<function binary_crossentropy at 0x7f266ba16b70>,0.32,"[50, 25, 20]",<class 'keras.optimizers.Adam'>
46,200,20.695575046272097,0.5540540814399719,0.07054094601209412,0.9624060392379761,<function relu at 0x7f266b967bf8>,6,0.4,200,<function sigmoid at 0x7f266b967d08>,<function binary_crossentropy at 0x7f266ba16b70>,0.32,[20],<class 'keras.optimizers.Nadam'>
47,100,25.62860307661279,0.5675675868988037,0.012608659030714639,1.0,<function elu at 0x7f266b9679d8>,2,0.1,100,<function sigmoid at 0x7f266b967d08>,<function binary_crossentropy at 0x7f266ba16b70>,0.41000000000000003,"[50, 25, 20]",<class 'keras.optimizers.Nadam'>
