,round_epochs,val_loss,val_accuracy,loss,accuracy,activation,batch_size,dropout,epochs,last_activation,losses,lr,neuron_tuple,optimizer
0,200,14.791064905141242,0.6081081032752991,0.19284681252438512,0.9683098793029785,<function relu at 0x7f266b967bf8>,3,0.4,200,<function sigmoid at 0x7f266b967d08>,<function binary_crossentropy at 0x7f266ba16b70>,0.05,"[25, 20]",<class 'keras.optimizers.Nadam'>
1,100,15.182333653471035,0.5135135054588318,0.012922818486660109,0.9964788556098938,<function relu at 0x7f266b967bf8>,3,0.0,100,<function sigmoid at 0x7f266b967d08>,<function binary_crossentropy at 0x7f266ba16b70>,0.05,"[25, 20]",<class 'keras.optimizers.Adam'>
2,100,25.6467653574454,0.5675675868988037,0.009996897281069424,0.9964788556098938,<function elu at 0x7f266b9679d8>,6,0.30000000000000004,100,<function sigmoid at 0x7f266b967d08>,<function binary_crossentropy at 0x7f266ba16b70>,0.32,"[25, 20]",<class 'keras.optimizers.Nadam'>
3,100,20.520484254166888,0.5405405163764954,0.013358213994743517,0.9964788556098938,<function relu at 0x7f266b967bf8>,8,0.0,100,<function sigmoid at 0x7f266b967d08>,<function binary_crossentropy at 0x7f266ba16b70>,0.41000000000000003,"[50, 25, 20]",<class 'keras.optimizers.Adam'>
4,100,21.4535590234533,0.5945945978164673,0.037829709116802036,0.98591548204422,<function elu at 0x7f266b9679d8>,3,0.30000000000000004,100,<function sigmoid at 0x7f266b967d08>,<function binary_crossentropy at 0x7f266ba16b70>,0.14,[20],<class 'keras.optimizers.Adam'>
5,100,6.814577545467261,0.6756756901741028,0.3290129358992749,0.8908450603485107,<function relu at 0x7f266b967bf8>,6,0.30000000000000004,100,<function sigmoid at 0x7f266b967d08>,<function binary_crossentropy at 0x7f266ba16b70>,0.05,"[50, 25, 20]",<class 'keras.optimizers.Adam'>
6,100,17.403884512209817,0.5540540814399719,0.00927487753431119,0.9964788556098938,<function relu at 0x7f266b967bf8>,2,0.0,100,<function sigmoid at 0x7f266b967d08>,<function binary_crossentropy at 0x7f266ba16b70>,0.14,[20],<class 'keras.optimizers.Adam'>
7,100,24.531942172664547,0.5540540814399719,0.010919267264911547,0.9929577708244324,<function elu at 0x7f266b9679d8>,2,0.2,100,<function sigmoid at 0x7f266b967d08>,<function binary_crossentropy at 0x7f266ba16b70>,0.32,"[25, 20]",<class 'keras.optimizers.Adam'>
8,200,26.308878552369976,0.6081081032752991,0.0013863137857547346,1.0,<function elu at 0x7f266b9679d8>,6,0.1,200,<function sigmoid at 0x7f266b967d08>,<function binary_crossentropy at 0x7f266ba16b70>,0.32,[20],<class 'keras.optimizers.Adam'>
9,200,31.214093847958548,0.5135135054588318,0.004348696241393715,1.0,<function relu at 0x7f266b967bf8>,4,0.0,200,<function sigmoid at 0x7f266b967d08>,<function binary_crossentropy at 0x7f266ba16b70>,0.05,"[50, 25, 20]",<class 'keras.optimizers.Adam'>
10,200,17.763490105425657,0.5945945978164673,0.030401028765354544,0.98591548204422,<function relu at 0x7f266b967bf8>,9,0.1,200,<function sigmoid at 0x7f266b967d08>,<function binary_crossentropy at 0x7f266ba16b70>,0.14,"[50, 25, 20]",<class 'keras.optimizers.Adam'>
11,100,20.99381229039785,0.5675675868988037,0.008049913029488364,0.9964788556098938,<function relu at 0x7f266b967bf8>,8,0.1,100,<function sigmoid at 0x7f266b967d08>,<function binary_crossentropy at 0x7f266ba16b70>,0.14,"[50, 25, 20]",<class 'keras.optimizers.Adam'>
12,100,48.725897653682814,0.5675675868988037,0.01563246144881609,0.9929577708244324,<function elu at 0x7f266b9679d8>,5,0.2,100,<function sigmoid at 0x7f266b967d08>,<function binary_crossentropy at 0x7f266ba16b70>,0.41000000000000003,[20],<class 'keras.optimizers.Nadam'>
13,200,24.909638327646537,0.6756756901741028,1.3745268599800533,0.8521126508712769,<function relu at 0x7f266b967bf8>,8,0.4,200,<function sigmoid at 0x7f266b967d08>,<function binary_crossentropy at 0x7f266ba16b70>,0.05,[20],<class 'keras.optimizers.Adam'>
14,200,28.326461259477117,0.5675675868988037,0.015348725577851314,0.9964788556098938,<function relu at 0x7f266b967bf8>,3,0.1,200,<function sigmoid at 0x7f266b967d08>,<function binary_crossentropy at 0x7f266ba16b70>,0.14,"[50, 25, 20]",<class 'keras.optimizers.Adam'>
15,100,10.311400468687754,0.5405405163764954,0.01434870478435247,1.0,<function elu at 0x7f266b9679d8>,5,0.0,100,<function sigmoid at 0x7f266b967d08>,<function binary_crossentropy at 0x7f266ba16b70>,0.23000000000000004,[20],<class 'keras.optimizers.Adam'>
16,200,32.603359058624726,0.6081081032752991,0.0288035180654063,0.9929577708244324,<function elu at 0x7f266b9679d8>,9,0.1,200,<function sigmoid at 0x7f266b967d08>,<function binary_crossentropy at 0x7f266ba16b70>,0.05,"[25, 20]",<class 'keras.optimizers.Nadam'>
17,100,29.40018594957474,0.5675675868988037,0.007095015338877555,0.9929577708244324,<function elu at 0x7f266b9679d8>,4,0.0,100,<function sigmoid at 0x7f266b967d08>,<function binary_crossentropy at 0x7f266ba16b70>,0.41000000000000003,"[25, 20]",<class 'keras.optimizers.Adam'>
18,100,27.835259102486276,0.5540540814399719,0.022386042771482813,0.9929577708244324,<function relu at 0x7f266b967bf8>,8,0.1,100,<function sigmoid at 0x7f266b967d08>,<function binary_crossentropy at 0x7f266ba16b70>,0.32,[20],<class 'keras.optimizers.Adam'>
19,100,17.479294629515827,0.5810810923576355,0.07447050848832847,0.9788732528686523,<function relu at 0x7f266b967bf8>,5,0.30000000000000004,100,<function sigmoid at 0x7f266b967d08>,<function binary_crossentropy at 0x7f266ba16b70>,0.23000000000000004,[20],<class 'keras.optimizers.Adam'>
20,100,24.23187023240167,0.5945945978164673,0.019576254404586657,0.98591548204422,<function elu at 0x7f266b9679d8>,5,0.0,100,<function sigmoid at 0x7f266b967d08>,<function binary_crossentropy at 0x7f266ba16b70>,0.41000000000000003,"[50, 25, 20]",<class 'keras.optimizers.Adam'>
21,100,13.956731757602176,0.5945945978164673,0.036183281806256073,0.98591548204422,<function elu at 0x7f266b9679d8>,7,0.30000000000000004,100,<function sigmoid at 0x7f266b967d08>,<function binary_crossentropy at 0x7f266ba16b70>,0.41000000000000003,"[50, 25, 20]",<class 'keras.optimizers.Adam'>
22,200,25.23774153477437,0.5945945978164673,0.025168100736607992,0.9929577708244324,<function relu at 0x7f266b967bf8>,7,0.30000000000000004,200,<function sigmoid at 0x7f266b967d08>,<function binary_crossentropy at 0x7f266ba16b70>,0.32,[20],<class 'keras.optimizers.Nadam'>
23,200,20.029146774683376,0.6081081032752991,0.004407479290072484,1.0,<function elu at 0x7f266b9679d8>,2,0.1,200,<function sigmoid at 0x7f266b967d08>,<function binary_crossentropy at 0x7f266ba16b70>,0.41000000000000003,"[25, 20]",<class 'keras.optimizers.Adam'>
24,200,26.143232274089463,0.5540540814399719,0.010289693956904598,0.9929577708244324,<function relu at 0x7f266b967bf8>,5,0.0,200,<function sigmoid at 0x7f266b967d08>,<function binary_crossentropy at 0x7f266ba16b70>,0.23000000000000004,"[25, 20]",<class 'keras.optimizers.Nadam'>
25,100,21.781561104027002,0.6081081032752991,0.0715926179863417,0.9753521084785461,<function relu at 0x7f266b967bf8>,8,0.2,100,<function sigmoid at 0x7f266b967d08>,<function binary_crossentropy at 0x7f266ba16b70>,0.23000000000000004,"[25, 20]",<class 'keras.optimizers.Adam'>
26,200,20.608409541684228,0.6081081032752991,0.06153533704666809,0.9718309640884399,<function relu at 0x7f266b967bf8>,7,0.4,200,<function sigmoid at 0x7f266b967d08>,<function binary_crossentropy at 0x7f266ba16b70>,0.32,"[50, 25, 20]",<class 'keras.optimizers.Adam'>
27,200,32.678244178296254,0.6216216087341309,0.01904658060327634,0.9894366264343262,<function elu at 0x7f266b9679d8>,5,0.30000000000000004,200,<function sigmoid at 0x7f266b967d08>,<function binary_crossentropy at 0x7f266ba16b70>,0.23000000000000004,"[50, 25, 20]",<class 'keras.optimizers.Nadam'>
28,200,21.587888716027845,0.6081081032752991,0.07849109875589691,0.9753521084785461,<function relu at 0x7f266b967bf8>,6,0.4,200,<function sigmoid at 0x7f266b967d08>,<function binary_crossentropy at 0x7f266ba16b70>,0.05,"[25, 20]",<class 'keras.optimizers.Nadam'>
29,200,23.475659868154498,0.6351351141929626,0.016656405738125643,0.9964788556098938,<function elu at 0x7f266b9679d8>,9,0.2,200,<function sigmoid at 0x7f266b967d08>,<function binary_crossentropy at 0x7f266ba16b70>,0.14,[20],<class 'keras.optimizers.Nadam'>
30,200,36.13458220378773,0.5675675868988037,0.016798844606514037,0.9929577708244324,<function elu at 0x7f266b9679d8>,9,0.1,200,<function sigmoid at 0x7f266b967d08>,<function binary_crossentropy at 0x7f266ba16b70>,0.32,[20],<class 'keras.optimizers.Adam'>
31,100,13.06633273653082,0.7027027010917664,0.5022327713174731,0.8767605423927307,<function relu at 0x7f266b967bf8>,7,0.1,100,<function sigmoid at 0x7f266b967d08>,<function binary_crossentropy at 0x7f266ba16b70>,0.05,[20],<class 'keras.optimizers.Adam'>
32,200,30.771395507892276,0.5810810923576355,0.01142486060662061,0.9964788556098938,<function relu at 0x7f266b967bf8>,9,0.4,200,<function sigmoid at 0x7f266b967d08>,<function binary_crossentropy at 0x7f266ba16b70>,0.32,"[25, 20]",<class 'keras.optimizers.Nadam'>
33,200,16.47372956379067,0.5810810923576355,0.007728325575176131,0.9964788556098938,<function elu at 0x7f266b9679d8>,4,0.1,200,<function sigmoid at 0x7f266b967d08>,<function binary_crossentropy at 0x7f266ba16b70>,0.05,[20],<class 'keras.optimizers.Nadam'>
34,100,25.548398000163,0.5810810923576355,0.012793095631938551,0.9964788556098938,<function elu at 0x7f266b9679d8>,8,0.30000000000000004,100,<function sigmoid at 0x7f266b967d08>,<function binary_crossentropy at 0x7f266ba16b70>,0.41000000000000003,"[50, 25, 20]",<class 'keras.optimizers.Nadam'>
35,100,25.00988269872756,0.5675675868988037,0.006193616379655007,0.9964788556098938,<function relu at 0x7f266b967bf8>,5,0.0,100,<function sigmoid at 0x7f266b967d08>,<function binary_crossentropy at 0x7f266ba16b70>,0.32,"[25, 20]",<class 'keras.optimizers.Adam'>
36,100,16.224576689932192,0.5675675868988037,0.013349820616420484,1.0,<function elu at 0x7f266b9679d8>,5,0.0,100,<function sigmoid at 0x7f266b967d08>,<function binary_crossentropy at 0x7f266ba16b70>,0.05,[20],<class 'keras.optimizers.Adam'>
37,100,32.75898785189377,0.5540540814399719,0.01025853795599746,1.0,<function relu at 0x7f266b967bf8>,2,0.4,100,<function sigmoid at 0x7f266b967d08>,<function binary_crossentropy at 0x7f266ba16b70>,0.41000000000000003,"[25, 20]",<class 'keras.optimizers.Adam'>
38,200,41.06806702456477,0.5945945978164673,0.0004713161161329097,1.0,<function relu at 0x7f266b967bf8>,6,0.0,200,<function sigmoid at 0x7f266b967d08>,<function binary_crossentropy at 0x7f266ba16b70>,0.23000000000000004,"[50, 25, 20]",<class 'keras.optimizers.Nadam'>
39,200,45.05629596033612,0.6081081032752991,0.00015703682078962208,1.0,<function elu at 0x7f266b9679d8>,4,0.1,200,<function sigmoid at 0x7f266b967d08>,<function binary_crossentropy at 0x7f266ba16b70>,0.32,"[50, 25, 20]",<class 'keras.optimizers.Nadam'>
40,100,24.084698986906133,0.5540540814399719,0.007411613525523662,0.9964788556098938,<function relu at 0x7f266b967bf8>,3,0.30000000000000004,100,<function sigmoid at 0x7f266b967d08>,<function binary_crossentropy at 0x7f266ba16b70>,0.32,[20],<class 'keras.optimizers.Nadam'>
41,100,20.152686621289387,0.6756756901741028,0.9098061574209176,0.8767605423927307,<function elu at 0x7f266b9679d8>,9,0.2,100,<function sigmoid at 0x7f266b967d08>,<function binary_crossentropy at 0x7f266ba16b70>,0.05,[20],<class 'keras.optimizers.Nadam'>
42,200,16.63304186028403,0.6486486196517944,0.07909907644543286,0.9683098793029785,<function relu at 0x7f266b967bf8>,6,0.1,200,<function sigmoid at 0x7f266b967d08>,<function binary_crossentropy at 0x7f266ba16b70>,0.14,[20],<class 'keras.optimizers.Adam'>
43,200,41.343876490948865,0.5810810923576355,0.0118489412360648,0.9929577708244324,<function relu at 0x7f266b967bf8>,4,0.2,200,<function sigmoid at 0x7f266b967d08>,<function binary_crossentropy at 0x7f266ba16b70>,0.23000000000000004,"[50, 25, 20]",<class 'keras.optimizers.Nadam'>
44,200,27.421197331723953,0.6081081032752991,0.0008449388207916477,1.0,<function elu at 0x7f266b9679d8>,4,0.1,200,<function sigmoid at 0x7f266b967d08>,<function binary_crossentropy at 0x7f266ba16b70>,0.41000000000000003,"[50, 25, 20]",<class 'keras.optimizers.Adam'>
45,100,18.14630953305577,0.5945945978164673,0.018630211132349014,0.9929577708244324,<function elu at 0x7f266b9679d8>,5,0.2,100,<function sigmoid at 0x7f266b967d08>,<function binary_crossentropy at 0x7f266ba16b70>,0.14,"[50, 25, 20]",<class 'keras.optimizers.Nadam'>
46,200,24.413310613202377,0.5675675868988037,0.004800492078036626,1.0,<function elu at 0x7f266b9679d8>,6,0.1,200,<function sigmoid at 0x7f266b967d08>,<function binary_crossentropy at 0x7f266ba16b70>,0.14,[20],<class 'keras.optimizers.Nadam'>
47,200,29.563989295354496,0.5810810923576355,0.0016269450512384214,1.0,<function elu at 0x7f266b9679d8>,6,0.1,200,<function sigmoid at 0x7f266b967d08>,<function binary_crossentropy at 0x7f266ba16b70>,0.14,"[25, 20]",<class 'keras.optimizers.Nadam'>
