,round_epochs,val_loss,val_accuracy,loss,accuracy,activation,batch_size,dropout,epochs,last_activation,losses,lr,neuron_tuple,optimizer
0,200,35.04675087115639,0.6351351141929626,0.3666227291527564,0.9457831382751465,<function elu at 0x7f266b9679d8>,6,0.2,200,<function sigmoid at 0x7f266b967d08>,<function binary_crossentropy at 0x7f266ba16b70>,0.05,[20],<class 'keras.optimizers.Adam'>
1,200,24.057070984101106,0.5945945978164673,0.02721295510932831,0.9879518151283264,<function relu at 0x7f266b967bf8>,5,0.30000000000000004,200,<function sigmoid at 0x7f266b967d08>,<function binary_crossentropy at 0x7f266ba16b70>,0.14,"[50, 25, 20]",<class 'keras.optimizers.Nadam'>
2,100,12.715764496777508,0.6081081032752991,0.026555903939002878,1.0,<function relu at 0x7f266b967bf8>,7,0.0,100,<function sigmoid at 0x7f266b967d08>,<function binary_crossentropy at 0x7f266ba16b70>,0.05,"[50, 25, 20]",<class 'keras.optimizers.Adam'>
3,100,18.30380041212649,0.5810810923576355,0.026287345729460537,0.9819276928901672,<function elu at 0x7f266b9679d8>,9,0.4,100,<function sigmoid at 0x7f266b967d08>,<function binary_crossentropy at 0x7f266ba16b70>,0.41000000000000003,"[25, 20]",<class 'keras.optimizers.Nadam'>
4,100,16.322214609188205,0.5945945978164673,0.015283520346695624,0.9879518151283264,<function elu at 0x7f266b9679d8>,6,0.0,100,<function sigmoid at 0x7f266b967d08>,<function binary_crossentropy at 0x7f266ba16b70>,0.41000000000000003,"[25, 20]",<class 'keras.optimizers.Nadam'>
5,100,26.171074893023516,0.5945945978164673,0.05247867547402703,0.9819276928901672,<function elu at 0x7f266b9679d8>,8,0.1,100,<function sigmoid at 0x7f266b967d08>,<function binary_crossentropy at 0x7f266ba16b70>,0.32,"[25, 20]",<class 'keras.optimizers.Adam'>
6,200,24.216342908455033,0.5810810923576355,0.018006113066501316,0.9939758777618408,<function elu at 0x7f266b9679d8>,5,0.30000000000000004,200,<function sigmoid at 0x7f266b967d08>,<function binary_crossentropy at 0x7f266ba16b70>,0.23000000000000004,"[50, 25, 20]",<class 'keras.optimizers.Nadam'>
7,200,34.05068093808,0.5945945978164673,0.005378362338511131,1.0,<function relu at 0x7f266b967bf8>,2,0.2,200,<function sigmoid at 0x7f266b967d08>,<function binary_crossentropy at 0x7f266ba16b70>,0.32,"[25, 20]",<class 'keras.optimizers.Adam'>
8,200,4.533236882926242,0.6891891956329346,0.6578585069222622,0.7951807379722595,<function relu at 0x7f266b967bf8>,6,0.4,200,<function sigmoid at 0x7f266b967d08>,<function binary_crossentropy at 0x7f266ba16b70>,0.05,"[50, 25, 20]",<class 'keras.optimizers.Adam'>
9,200,46.38118899124454,0.5270270109176636,0.0016797601271204326,1.0,<function relu at 0x7f266b967bf8>,2,0.1,200,<function sigmoid at 0x7f266b967d08>,<function binary_crossentropy at 0x7f266ba16b70>,0.32,"[50, 25, 20]",<class 'keras.optimizers.Adam'>
10,200,24.686912620389784,0.5270270109176636,0.020422977552358595,0.9879518151283264,<function elu at 0x7f266b9679d8>,7,0.2,200,<function sigmoid at 0x7f266b967d08>,<function binary_crossentropy at 0x7f266ba16b70>,0.41000000000000003,[20],<class 'keras.optimizers.Nadam'>
11,100,10.407131837026492,0.6351351141929626,0.7613264575071474,0.849397599697113,<function relu at 0x7f266b967bf8>,7,0.1,100,<function sigmoid at 0x7f266b967d08>,<function binary_crossentropy at 0x7f266ba16b70>,0.14,[20],<class 'keras.optimizers.Adam'>
12,100,30.534462856344533,0.5675675868988037,0.009902354625540368,0.9939758777618408,<function relu at 0x7f266b967bf8>,2,0.30000000000000004,100,<function sigmoid at 0x7f266b967d08>,<function binary_crossentropy at 0x7f266ba16b70>,0.23000000000000004,"[50, 25, 20]",<class 'keras.optimizers.Nadam'>
13,200,16.64763747518127,0.5,0.012248072189563627,1.0,<function elu at 0x7f266b9679d8>,9,0.0,200,<function sigmoid at 0x7f266b967d08>,<function binary_crossentropy at 0x7f266ba16b70>,0.32,[20],<class 'keras.optimizers.Adam'>
14,100,7.545216826240633,0.6891891956329346,0.7536941086592893,0.8313252925872803,<function elu at 0x7f266b9679d8>,7,0.30000000000000004,100,<function sigmoid at 0x7f266b967d08>,<function binary_crossentropy at 0x7f266ba16b70>,0.05,"[25, 20]",<class 'keras.optimizers.Adam'>
15,100,14.590391799273405,0.5,0.06366937999864908,0.9638554453849792,<function elu at 0x7f266b9679d8>,2,0.4,100,<function sigmoid at 0x7f266b967d08>,<function binary_crossentropy at 0x7f266ba16b70>,0.14,[20],<class 'keras.optimizers.Adam'>
16,200,25.304082744905877,0.6081081032752991,0.01928725903381056,0.9939758777618408,<function elu at 0x7f266b9679d8>,5,0.2,200,<function sigmoid at 0x7f266b967d08>,<function binary_crossentropy at 0x7f266ba16b70>,0.23000000000000004,"[50, 25, 20]",<class 'keras.optimizers.Adam'>
17,100,12.910813060966698,0.5540540814399719,0.1727372080716024,0.9397590160369873,<function relu at 0x7f266b967bf8>,8,0.30000000000000004,100,<function sigmoid at 0x7f266b967d08>,<function binary_crossentropy at 0x7f266ba16b70>,0.23000000000000004,"[50, 25, 20]",<class 'keras.optimizers.Adam'>
18,100,25.974795135291846,0.5945945978164673,0.04080134043094831,0.9879518151283264,<function relu at 0x7f266b967bf8>,8,0.2,100,<function sigmoid at 0x7f266b967d08>,<function binary_crossentropy at 0x7f266ba16b70>,0.32,[20],<class 'keras.optimizers.Nadam'>
19,200,23.04923960033885,0.5810810923576355,0.025847825328388484,0.9879518151283264,<function relu at 0x7f266b967bf8>,5,0.1,200,<function sigmoid at 0x7f266b967d08>,<function binary_crossentropy at 0x7f266ba16b70>,0.23000000000000004,"[50, 25, 20]",<class 'keras.optimizers.Adam'>
20,100,35.24959875698667,0.5270270109176636,0.07019517648564354,0.9819276928901672,<function relu at 0x7f266b967bf8>,3,0.4,100,<function sigmoid at 0x7f266b967d08>,<function binary_crossentropy at 0x7f266ba16b70>,0.32,"[50, 25, 20]",<class 'keras.optimizers.Nadam'>
21,200,31.84814323930481,0.5540540814399719,0.006565278475728789,1.0,<function relu at 0x7f266b967bf8>,5,0.1,200,<function sigmoid at 0x7f266b967d08>,<function binary_crossentropy at 0x7f266ba16b70>,0.41000000000000003,"[50, 25, 20]",<class 'keras.optimizers.Adam'>
22,200,16.44024914342004,0.5540540814399719,0.03489887065160178,0.9879518151283264,<function elu at 0x7f266b9679d8>,8,0.30000000000000004,200,<function sigmoid at 0x7f266b967d08>,<function binary_crossentropy at 0x7f266ba16b70>,0.14,"[50, 25, 20]",<class 'keras.optimizers.Nadam'>
23,100,23.486535374140168,0.5,0.014321557584210673,0.9879518151283264,<function relu at 0x7f266b967bf8>,3,0.0,100,<function sigmoid at 0x7f266b967d08>,<function binary_crossentropy at 0x7f266ba16b70>,0.41000000000000003,[20],<class 'keras.optimizers.Nadam'>
24,100,14.391476175269565,0.5540540814399719,0.1460363115521868,0.9518072009086609,<function elu at 0x7f266b9679d8>,5,0.1,100,<function sigmoid at 0x7f266b967d08>,<function binary_crossentropy at 0x7f266ba16b70>,0.05,"[25, 20]",<class 'keras.optimizers.Adam'>
25,200,47.276089491834114,0.5675675868988037,0.003072282524663681,1.0,<function elu at 0x7f266b9679d8>,2,0.30000000000000004,200,<function sigmoid at 0x7f266b967d08>,<function binary_crossentropy at 0x7f266ba16b70>,0.41000000000000003,"[25, 20]",<class 'keras.optimizers.Nadam'>
26,100,11.942243266750026,0.7162162065505981,0.09222245557340289,0.9457831382751465,<function elu at 0x7f266b9679d8>,9,0.30000000000000004,100,<function sigmoid at 0x7f266b967d08>,<function binary_crossentropy at 0x7f266ba16b70>,0.14,[20],<class 'keras.optimizers.Nadam'>
27,200,30.246464745160903,0.5540540814399719,0.036099869702938436,0.9819276928901672,<function relu at 0x7f266b967bf8>,4,0.1,200,<function sigmoid at 0x7f266b967d08>,<function binary_crossentropy at 0x7f266ba16b70>,0.23000000000000004,"[50, 25, 20]",<class 'keras.optimizers.Adam'>
28,100,16.971778586104108,0.5810810923576355,0.12050336199338865,0.9698795080184937,<function elu at 0x7f266b9679d8>,9,0.4,100,<function sigmoid at 0x7f266b967d08>,<function binary_crossentropy at 0x7f266ba16b70>,0.41000000000000003,"[50, 25, 20]",<class 'keras.optimizers.Nadam'>
29,100,19.847441383310265,0.5945945978164673,0.03236900890172625,0.9939758777618408,<function elu at 0x7f266b9679d8>,7,0.30000000000000004,100,<function sigmoid at 0x7f266b967d08>,<function binary_crossentropy at 0x7f266ba16b70>,0.32,"[25, 20]",<class 'keras.optimizers.Nadam'>
30,100,26.834299126186885,0.5675675868988037,0.006902209449243816,1.0,<function relu at 0x7f266b967bf8>,7,0.1,100,<function sigmoid at 0x7f266b967d08>,<function binary_crossentropy at 0x7f266ba16b70>,0.23000000000000004,"[50, 25, 20]",<class 'keras.optimizers.Nadam'>
31,100,13.351230062342978,0.5405405163764954,0.020001365713416094,1.0,<function elu at 0x7f266b9679d8>,9,0.0,100,<function sigmoid at 0x7f266b967d08>,<function binary_crossentropy at 0x7f266ba16b70>,0.23000000000000004,[20],<class 'keras.optimizers.Nadam'>
32,200,23.48701111552324,0.5810810923576355,0.013793559985224826,0.9939758777618408,<function elu at 0x7f266b9679d8>,2,0.2,200,<function sigmoid at 0x7f266b967d08>,<function binary_crossentropy at 0x7f266ba16b70>,0.05,"[25, 20]",<class 'keras.optimizers.Nadam'>
33,100,26.965572073652936,0.5675675868988037,0.009279181879230554,0.9939758777618408,<function relu at 0x7f266b967bf8>,7,0.0,100,<function sigmoid at 0x7f266b967d08>,<function binary_crossentropy at 0x7f266ba16b70>,0.14,"[25, 20]",<class 'keras.optimizers.Nadam'>
34,200,21.95437797325567,0.5540540814399719,0.007761296888014383,1.0,<function relu at 0x7f266b967bf8>,4,0.1,200,<function sigmoid at 0x7f266b967d08>,<function binary_crossentropy at 0x7f266ba16b70>,0.14,"[25, 20]",<class 'keras.optimizers.Nadam'>
35,100,13.034477349874136,0.5945945978164673,0.01124177887718888,0.9939758777618408,<function elu at 0x7f266b9679d8>,7,0.0,100,<function sigmoid at 0x7f266b967d08>,<function binary_crossentropy at 0x7f266ba16b70>,0.41000000000000003,"[50, 25, 20]",<class 'keras.optimizers.Nadam'>
36,200,13.384164709736266,0.5945945978164673,0.08276269710636754,0.9578313231468201,<function relu at 0x7f266b967bf8>,9,0.2,200,<function sigmoid at 0x7f266b967d08>,<function binary_crossentropy at 0x7f266ba16b70>,0.05,[20],<class 'keras.optimizers.Nadam'>
37,200,42.09128444718469,0.5,0.02511597389319331,0.9879518151283264,<function relu at 0x7f266b967bf8>,2,0.4,200,<function sigmoid at 0x7f266b967d08>,<function binary_crossentropy at 0x7f266ba16b70>,0.32,"[25, 20]",<class 'keras.optimizers.Adam'>
38,100,13.008351557600593,0.6081081032752991,0.013357370617238127,0.9939758777618408,<function elu at 0x7f266b9679d8>,4,0.1,100,<function sigmoid at 0x7f266b967d08>,<function binary_crossentropy at 0x7f266ba16b70>,0.32,"[50, 25, 20]",<class 'keras.optimizers.Adam'>
39,200,17.22521695897386,0.5675675868988037,0.005821659675574205,1.0,<function elu at 0x7f266b9679d8>,5,0.1,200,<function sigmoid at 0x7f266b967d08>,<function binary_crossentropy at 0x7f266ba16b70>,0.23000000000000004,"[25, 20]",<class 'keras.optimizers.Nadam'>
40,200,10.69146334452317,0.5945945978164673,0.09020681978037379,0.9759036302566528,<function elu at 0x7f266b9679d8>,5,0.1,200,<function sigmoid at 0x7f266b967d08>,<function binary_crossentropy at 0x7f266ba16b70>,0.05,[20],<class 'keras.optimizers.Adam'>
41,200,27.244585210404473,0.6081081032752991,0.008015702140715824,1.0,<function elu at 0x7f266b9679d8>,9,0.1,200,<function sigmoid at 0x7f266b967d08>,<function binary_crossentropy at 0x7f266ba16b70>,0.41000000000000003,"[25, 20]",<class 'keras.optimizers.Adam'>
42,100,33.16772988680247,0.5135135054588318,0.008113364131136383,1.0,<function relu at 0x7f266b967bf8>,5,0.0,100,<function sigmoid at 0x7f266b967d08>,<function binary_crossentropy at 0x7f266ba16b70>,0.41000000000000003,[20],<class 'keras.optimizers.Adam'>
43,200,18.96129596166665,0.6081081032752991,0.006137107026236674,1.0,<function elu at 0x7f266b9679d8>,9,0.0,200,<function sigmoid at 0x7f266b967d08>,<function binary_crossentropy at 0x7f266ba16b70>,0.32,"[25, 20]",<class 'keras.optimizers.Adam'>
44,100,25.480747996149837,0.5675675868988037,0.028905271745020125,0.9939758777618408,<function relu at 0x7f266b967bf8>,8,0.2,100,<function sigmoid at 0x7f266b967d08>,<function binary_crossentropy at 0x7f266ba16b70>,0.41000000000000003,"[50, 25, 20]",<class 'keras.optimizers.Adam'>
45,200,29.501897965001724,0.6351351141929626,0.0021950995958737686,1.0,<function relu at 0x7f266b967bf8>,3,0.0,200,<function sigmoid at 0x7f266b967d08>,<function binary_crossentropy at 0x7f266ba16b70>,0.05,"[50, 25, 20]",<class 'keras.optimizers.Nadam'>
46,100,23.088268889379577,0.5540540814399719,0.05689351155750476,0.9819276928901672,<function relu at 0x7f266b967bf8>,2,0.2,100,<function sigmoid at 0x7f266b967d08>,<function binary_crossentropy at 0x7f266ba16b70>,0.32,"[25, 20]",<class 'keras.optimizers.Adam'>
47,200,28.781896142171036,0.5270270109176636,0.006555527627862801,1.0,<function relu at 0x7f266b967bf8>,2,0.1,200,<function sigmoid at 0x7f266b967d08>,<function binary_crossentropy at 0x7f266ba16b70>,0.14,"[25, 20]",<class 'keras.optimizers.Adam'>
