,round_epochs,val_loss,val_accuracy,loss,accuracy,activation,batch_size,dropout,epochs,last_activation,losses,lr,neuron_tuple,optimizer
0,100,26.39197918047776,0.5945945978164673,0.005385006933761611,0.9971014261245728,<function elu at 0x7f266b9679d8>,7,0.0,100,<function sigmoid at 0x7f266b967d08>,<function binary_crossentropy at 0x7f266ba16b70>,0.41000000000000003,"[25, 20]",<class 'keras.optimizers.Nadam'>
1,200,9.798704398644936,0.6486486196517944,0.12120681671935173,0.9536231756210327,<function relu at 0x7f266b967bf8>,6,0.2,200,<function sigmoid at 0x7f266b967d08>,<function binary_crossentropy at 0x7f266ba16b70>,0.05,[20],<class 'keras.optimizers.Adam'>
2,200,33.18805830124195,0.5945945978164673,0.001832626176027279,1.0,<function elu at 0x7f266b9679d8>,4,0.0,200,<function sigmoid at 0x7f266b967d08>,<function binary_crossentropy at 0x7f266ba16b70>,0.14,"[25, 20]",<class 'keras.optimizers.Nadam'>
3,100,19.07652171221137,0.7837837934494019,0.3845792254748856,0.939130425453186,<function elu at 0x7f266b9679d8>,7,0.30000000000000004,100,<function sigmoid at 0x7f266b967d08>,<function binary_crossentropy at 0x7f266ba16b70>,0.05,[20],<class 'keras.optimizers.Nadam'>
4,100,25.40101544277088,0.6351351141929626,0.00483525025522665,1.0,<function relu at 0x7f266b967bf8>,8,0.2,100,<function sigmoid at 0x7f266b967d08>,<function binary_crossentropy at 0x7f266ba16b70>,0.32,"[50, 25, 20]",<class 'keras.optimizers.Nadam'>
5,100,29.17110163456685,0.662162184715271,0.04105453610496954,0.9768115878105164,<function relu at 0x7f266b967bf8>,8,0.4,100,<function sigmoid at 0x7f266b967d08>,<function binary_crossentropy at 0x7f266ba16b70>,0.14,"[25, 20]",<class 'keras.optimizers.Nadam'>
6,100,36.13928816413552,0.6486486196517944,0.010924024805754053,0.9971014261245728,<function relu at 0x7f266b967bf8>,5,0.30000000000000004,100,<function sigmoid at 0x7f266b967d08>,<function binary_crossentropy at 0x7f266ba16b70>,0.32,"[25, 20]",<class 'keras.optimizers.Nadam'>
7,100,32.306197854044306,0.6351351141929626,0.006498826821588006,0.9971014261245728,<function elu at 0x7f266b9679d8>,2,0.1,100,<function sigmoid at 0x7f266b967d08>,<function binary_crossentropy at 0x7f266ba16b70>,0.32,"[50, 25, 20]",<class 'keras.optimizers.Adam'>
8,100,19.86501239997813,0.6486486196517944,0.030444950900590434,0.9884058237075806,<function elu at 0x7f266b9679d8>,6,0.4,100,<function sigmoid at 0x7f266b967d08>,<function binary_crossentropy at 0x7f266ba16b70>,0.32,[20],<class 'keras.optimizers.Adam'>
9,200,29.055595085276543,0.6081081032752991,0.003883311980088043,1.0,<function elu at 0x7f266b9679d8>,5,0.2,200,<function sigmoid at 0x7f266b967d08>,<function binary_crossentropy at 0x7f266ba16b70>,0.41000000000000003,"[25, 20]",<class 'keras.optimizers.Adam'>
10,100,19.938049483138162,0.5945945978164673,0.02462959424292028,0.9942029118537903,<function elu at 0x7f266b9679d8>,6,0.2,100,<function sigmoid at 0x7f266b967d08>,<function binary_crossentropy at 0x7f266ba16b70>,0.32,"[50, 25, 20]",<class 'keras.optimizers.Nadam'>
11,200,17.64392453170306,0.5945945978164673,0.03851405523880691,0.9826086759567261,<function elu at 0x7f266b9679d8>,9,0.2,200,<function sigmoid at 0x7f266b967d08>,<function binary_crossentropy at 0x7f266ba16b70>,0.14,"[25, 20]",<class 'keras.optimizers.Adam'>
12,100,21.722836244738083,0.6891891956329346,0.043434799486168366,0.9826086759567261,<function elu at 0x7f266b9679d8>,8,0.30000000000000004,100,<function sigmoid at 0x7f266b967d08>,<function binary_crossentropy at 0x7f266ba16b70>,0.14,[20],<class 'keras.optimizers.Nadam'>
13,100,8.045328560782986,0.7702702879905701,0.2576463474053336,0.8927536010742188,<function relu at 0x7f266b967bf8>,5,0.4,100,<function sigmoid at 0x7f266b967d08>,<function binary_crossentropy at 0x7f266ba16b70>,0.05,[20],<class 'keras.optimizers.Adam'>
14,200,25.200385970988542,0.6486486196517944,0.22335652697891437,0.9739130139350891,<function relu at 0x7f266b967bf8>,4,0.1,200,<function sigmoid at 0x7f266b967d08>,<function binary_crossentropy at 0x7f266ba16b70>,0.05,[20],<class 'keras.optimizers.Adam'>
15,200,10.867063277476543,0.5540540814399719,0.015936016467323805,0.9971014261245728,<function relu at 0x7f266b967bf8>,7,0.0,200,<function sigmoid at 0x7f266b967d08>,<function binary_crossentropy at 0x7f266ba16b70>,0.05,[20],<class 'keras.optimizers.Nadam'>
16,100,24.12951949802605,0.5945945978164673,0.07220889971479383,0.9884058237075806,<function elu at 0x7f266b9679d8>,8,0.30000000000000004,100,<function sigmoid at 0x7f266b967d08>,<function binary_crossentropy at 0x7f266ba16b70>,0.41000000000000003,"[50, 25, 20]",<class 'keras.optimizers.Adam'>
17,100,17.139475189529833,0.5675675868988037,0.009438584024539697,0.9971014261245728,<function relu at 0x7f266b967bf8>,4,0.0,100,<function sigmoid at 0x7f266b967d08>,<function binary_crossentropy at 0x7f266ba16b70>,0.23000000000000004,[20],<class 'keras.optimizers.Adam'>
18,200,24.892556284960772,0.6216216087341309,0.004988411910096587,1.0,<function elu at 0x7f266b9679d8>,9,0.4,200,<function sigmoid at 0x7f266b967d08>,<function binary_crossentropy at 0x7f266ba16b70>,0.32,[20],<class 'keras.optimizers.Nadam'>
19,100,19.181681124003113,0.6351351141929626,0.008247598814550455,0.9971014261245728,<function relu at 0x7f266b967bf8>,6,0.30000000000000004,100,<function sigmoid at 0x7f266b967d08>,<function binary_crossentropy at 0x7f266ba16b70>,0.41000000000000003,"[25, 20]",<class 'keras.optimizers.Adam'>
20,200,25.45299007277923,0.6081081032752991,0.0013430735248974902,1.0,<function relu at 0x7f266b967bf8>,6,0.1,200,<function sigmoid at 0x7f266b967d08>,<function binary_crossentropy at 0x7f266ba16b70>,0.41000000000000003,"[25, 20]",<class 'keras.optimizers.Adam'>
21,100,24.68287597534606,0.6486486196517944,0.12583600038382461,0.9652174115180969,<function relu at 0x7f266b967bf8>,8,0.2,100,<function sigmoid at 0x7f266b967d08>,<function binary_crossentropy at 0x7f266ba16b70>,0.41000000000000003,[20],<class 'keras.optimizers.Adam'>
22,100,11.043664040213853,0.662162184715271,0.44433207826964083,0.8927536010742188,<function relu at 0x7f266b967bf8>,8,0.2,100,<function sigmoid at 0x7f266b967d08>,<function binary_crossentropy at 0x7f266ba16b70>,0.05,"[50, 25, 20]",<class 'keras.optimizers.Adam'>
23,100,27.128736738209597,0.6351351141929626,0.018092132472757084,0.9942029118537903,<function elu at 0x7f266b9679d8>,7,0.1,100,<function sigmoid at 0x7f266b967d08>,<function binary_crossentropy at 0x7f266ba16b70>,0.41000000000000003,"[25, 20]",<class 'keras.optimizers.Adam'>
24,100,24.817981847325477,0.5675675868988037,0.004973922344589202,1.0,<function elu at 0x7f266b9679d8>,4,0.2,100,<function sigmoid at 0x7f266b967d08>,<function binary_crossentropy at 0x7f266ba16b70>,0.32,[20],<class 'keras.optimizers.Nadam'>
25,200,15.156871566397918,0.6351351141929626,0.2028936142379394,0.9594202637672424,<function relu at 0x7f266b967bf8>,9,0.1,200,<function sigmoid at 0x7f266b967d08>,<function binary_crossentropy at 0x7f266ba16b70>,0.05,"[25, 20]",<class 'keras.optimizers.Adam'>
26,200,13.316979140043259,0.6216216087341309,0.0463350994504327,0.9855072498321533,<function relu at 0x7f266b967bf8>,6,0.4,200,<function sigmoid at 0x7f266b967d08>,<function binary_crossentropy at 0x7f266ba16b70>,0.23000000000000004,"[50, 25, 20]",<class 'keras.optimizers.Adam'>
27,100,24.36720628734376,0.6216216087341309,0.004474692257381513,1.0,<function relu at 0x7f266b967bf8>,5,0.2,100,<function sigmoid at 0x7f266b967d08>,<function binary_crossentropy at 0x7f266ba16b70>,0.41000000000000003,"[25, 20]",<class 'keras.optimizers.Adam'>
28,200,20.874428845007124,0.5810810923576355,0.007785810227112463,0.9942029118537903,<function elu at 0x7f266b9679d8>,4,0.0,200,<function sigmoid at 0x7f266b967d08>,<function binary_crossentropy at 0x7f266ba16b70>,0.23000000000000004,"[50, 25, 20]",<class 'keras.optimizers.Nadam'>
29,100,10.413704419097012,0.6081081032752991,0.06428155503531509,0.9826086759567261,<function relu at 0x7f266b967bf8>,3,0.4,100,<function sigmoid at 0x7f266b967d08>,<function binary_crossentropy at 0x7f266ba16b70>,0.14,"[50, 25, 20]",<class 'keras.optimizers.Nadam'>
30,100,25.516487925842004,0.6351351141929626,0.03536369824399245,0.9884058237075806,<function relu at 0x7f266b967bf8>,4,0.30000000000000004,100,<function sigmoid at 0x7f266b967d08>,<function binary_crossentropy at 0x7f266ba16b70>,0.14,"[25, 20]",<class 'keras.optimizers.Nadam'>
31,200,14.030016533670572,0.7027027010917664,0.6345893681536074,0.8666666746139526,<function relu at 0x7f266b967bf8>,9,0.4,200,<function sigmoid at 0x7f266b967d08>,<function binary_crossentropy at 0x7f266ba16b70>,0.05,[20],<class 'keras.optimizers.Adam'>
32,200,30.96387973492225,0.6486486196517944,0.007945564890514427,0.9971014261245728,<function relu at 0x7f266b967bf8>,2,0.2,200,<function sigmoid at 0x7f266b967d08>,<function binary_crossentropy at 0x7f266ba16b70>,0.23000000000000004,[20],<class 'keras.optimizers.Nadam'>
33,200,39.07167581388275,0.6216216087341309,0.002149637692651228,1.0,<function elu at 0x7f266b9679d8>,2,0.4,200,<function sigmoid at 0x7f266b967d08>,<function binary_crossentropy at 0x7f266ba16b70>,0.41000000000000003,"[25, 20]",<class 'keras.optimizers.Adam'>
34,100,16.01001172346742,0.5540540814399719,0.009934518238060805,1.0,<function elu at 0x7f266b9679d8>,2,0.0,100,<function sigmoid at 0x7f266b967d08>,<function binary_crossentropy at 0x7f266ba16b70>,0.05,[20],<class 'keras.optimizers.Adam'>
35,100,24.659814202201527,0.5945945978164673,0.00369395842027532,1.0,<function relu at 0x7f266b967bf8>,7,0.0,100,<function sigmoid at 0x7f266b967d08>,<function binary_crossentropy at 0x7f266ba16b70>,0.32,"[50, 25, 20]",<class 'keras.optimizers.Nadam'>
36,200,25.09222396644386,0.6081081032752991,0.0015132257019204764,1.0,<function elu at 0x7f266b9679d8>,8,0.1,200,<function sigmoid at 0x7f266b967d08>,<function binary_crossentropy at 0x7f266ba16b70>,0.41000000000000003,[20],<class 'keras.optimizers.Nadam'>
37,100,19.15503596341935,0.5945945978164673,0.005942307975044,0.9971014261245728,<function elu at 0x7f266b9679d8>,4,0.2,100,<function sigmoid at 0x7f266b967d08>,<function binary_crossentropy at 0x7f266ba16b70>,0.14,"[50, 25, 20]",<class 'keras.optimizers.Nadam'>
38,100,15.977468672544276,0.7702702879905701,0.3953865143442785,0.939130425453186,<function elu at 0x7f266b9679d8>,7,0.1,100,<function sigmoid at 0x7f266b967d08>,<function binary_crossentropy at 0x7f266ba16b70>,0.05,[20],<class 'keras.optimizers.Nadam'>
39,100,20.970557903593722,0.6216216087341309,0.004387344926301674,0.9971014261245728,<function elu at 0x7f266b9679d8>,6,0.0,100,<function sigmoid at 0x7f266b967d08>,<function binary_crossentropy at 0x7f266ba16b70>,0.41000000000000003,"[25, 20]",<class 'keras.optimizers.Adam'>
40,100,31.680818717225552,0.5945945978164673,0.003766704851826329,1.0,<function relu at 0x7f266b967bf8>,5,0.0,100,<function sigmoid at 0x7f266b967d08>,<function binary_crossentropy at 0x7f266ba16b70>,0.41000000000000003,"[50, 25, 20]",<class 'keras.optimizers.Nadam'>
41,100,15.539120625413485,0.7027027010917664,0.20566507035330234,0.939130425453186,<function elu at 0x7f266b9679d8>,4,0.30000000000000004,100,<function sigmoid at 0x7f266b967d08>,<function binary_crossentropy at 0x7f266ba16b70>,0.05,"[25, 20]",<class 'keras.optimizers.Adam'>
42,100,24.842028768176238,0.5945945978164673,0.004937051429906462,1.0,<function elu at 0x7f266b9679d8>,5,0.30000000000000004,100,<function sigmoid at 0x7f266b967d08>,<function binary_crossentropy at 0x7f266ba16b70>,0.32,[20],<class 'keras.optimizers.Nadam'>
43,100,14.204275922213816,0.5405405163764954,0.011885171959785685,1.0,<function relu at 0x7f266b967bf8>,9,0.0,100,<function sigmoid at 0x7f266b967d08>,<function binary_crossentropy at 0x7f266ba16b70>,0.14,[20],<class 'keras.optimizers.Nadam'>
44,200,13.692430147610672,0.6351351141929626,0.018524558907055105,0.991304337978363,<function relu at 0x7f266b967bf8>,2,0.2,200,<function sigmoid at 0x7f266b967d08>,<function binary_crossentropy at 0x7f266ba16b70>,0.05,"[25, 20]",<class 'keras.optimizers.Adam'>
45,100,21.494853456303773,0.6081081032752991,0.012322331872146123,0.9971014261245728,<function elu at 0x7f266b9679d8>,4,0.4,100,<function sigmoid at 0x7f266b967d08>,<function binary_crossentropy at 0x7f266ba16b70>,0.32,"[50, 25, 20]",<class 'keras.optimizers.Nadam'>
46,200,13.009525723956727,0.662162184715271,0.03570800789757364,0.9884058237075806,<function elu at 0x7f266b9679d8>,7,0.2,200,<function sigmoid at 0x7f266b967d08>,<function binary_crossentropy at 0x7f266ba16b70>,0.23000000000000004,"[25, 20]",<class 'keras.optimizers.Adam'>
47,100,17.72266364861067,0.6081081032752991,0.014258736786706158,0.991304337978363,<function relu at 0x7f266b967bf8>,5,0.1,100,<function sigmoid at 0x7f266b967d08>,<function binary_crossentropy at 0x7f266ba16b70>,0.05,"[50, 25, 20]",<class 'keras.optimizers.Nadam'>
