,round_epochs,val_loss,val_accuracy,loss,accuracy,activation,batch_size,dropout,epochs,last_activation,losses,lr,neuron_tuple,optimizer
0,200,69.79388322056951,0.21621622145175934,0.0120304633732996,1.0,<function elu at 0x7f266b9679d8>,4,0.1,200,<function sigmoid at 0x7f266b967d08>,<function binary_crossentropy at 0x7f266ba16b70>,0.23000000000000004,[20],<class 'keras.optimizers.Nadam'>
1,100,105.08695334357185,0.21621622145175934,0.04777406378707383,1.0,<function relu at 0x7f266b967bf8>,2,0.1,100,<function sigmoid at 0x7f266b967d08>,<function binary_crossentropy at 0x7f266ba16b70>,0.14,[20],<class 'keras.optimizers.Nadam'>
2,100,16.226629210772888,0.5675675868988037,0.012938244800482477,1.0,<function elu at 0x7f266b9679d8>,5,0.2,100,<function sigmoid at 0x7f266b967d08>,<function binary_crossentropy at 0x7f266ba16b70>,0.23000000000000004,"[25, 20]",<class 'keras.optimizers.Adam'>
3,100,132.84632801365208,0.2702702581882477,0.409339835246404,0.6666666865348816,<function relu at 0x7f266b967bf8>,7,0.2,100,<function sigmoid at 0x7f266b967d08>,<function binary_crossentropy at 0x7f266ba16b70>,0.14,[20],<class 'keras.optimizers.Nadam'>
4,200,68.56732734473977,0.2702702581882477,0.0198279381064432,1.0,<function elu at 0x7f266b9679d8>,6,0.2,200,<function sigmoid at 0x7f266b967d08>,<function binary_crossentropy at 0x7f266ba16b70>,0.32,[20],<class 'keras.optimizers.Nadam'>
5,100,194.6147988293622,0.21621622145175934,5.726467020604895e-05,1.0,<function elu at 0x7f266b9679d8>,2,0.1,100,<function sigmoid at 0x7f266b967d08>,<function binary_crossentropy at 0x7f266ba16b70>,0.23000000000000004,"[50, 25, 20]",<class 'keras.optimizers.Nadam'>
6,200,37.966739834965885,0.22972972691059113,0.0007278626892782215,1.0,<function elu at 0x7f266b9679d8>,5,0.0,200,<function sigmoid at 0x7f266b967d08>,<function binary_crossentropy at 0x7f266ba16b70>,0.32,"[50, 25, 20]",<class 'keras.optimizers.Adam'>
7,200,131.04265728512325,0.21621622145175934,0.006778979369084395,1.0,<function relu at 0x7f266b967bf8>,5,0.0,200,<function sigmoid at 0x7f266b967d08>,<function binary_crossentropy at 0x7f266ba16b70>,0.05,"[50, 25, 20]",<class 'keras.optimizers.Nadam'>
8,100,70.83603688832876,0.21621622145175934,0.05307224773916698,0.9523809552192688,<function elu at 0x7f266b9679d8>,2,0.4,100,<function sigmoid at 0x7f266b967d08>,<function binary_crossentropy at 0x7f266ba16b70>,0.23000000000000004,[20],<class 'keras.optimizers.Adam'>
9,100,41.65520621634818,0.21621622145175934,0.09912320226430893,1.0,<function relu at 0x7f266b967bf8>,7,0.2,100,<function sigmoid at 0x7f266b967d08>,<function binary_crossentropy at 0x7f266ba16b70>,0.05,"[50, 25, 20]",<class 'keras.optimizers.Nadam'>
10,200,161.13654525859937,0.21621622145175934,0.013355225014189879,1.0,<function relu at 0x7f266b967bf8>,4,0.30000000000000004,200,<function sigmoid at 0x7f266b967d08>,<function binary_crossentropy at 0x7f266ba16b70>,0.32,[20],<class 'keras.optimizers.Adam'>
11,200,182.76149481696052,0.21621622145175934,0.008950068343741199,1.0,<function elu at 0x7f266b9679d8>,7,0.0,200,<function sigmoid at 0x7f266b967d08>,<function binary_crossentropy at 0x7f266ba16b70>,0.05,"[25, 20]",<class 'keras.optimizers.Nadam'>
12,100,136.46951025885505,0.21621622145175934,0.005865644511123676,1.0,<function elu at 0x7f266b9679d8>,5,0.2,100,<function sigmoid at 0x7f266b967d08>,<function binary_crossentropy at 0x7f266ba16b70>,0.41000000000000003,"[25, 20]",<class 'keras.optimizers.Nadam'>
13,200,51.32506274533862,0.21621622145175934,0.0015782406564020285,1.0,<function elu at 0x7f266b9679d8>,3,0.0,200,<function sigmoid at 0x7f266b967d08>,<function binary_crossentropy at 0x7f266ba16b70>,0.14,"[25, 20]",<class 'keras.optimizers.Adam'>
14,200,51.65095757149361,0.21621622145175934,0.03064241193767105,1.0,<function relu at 0x7f266b967bf8>,9,0.0,200,<function sigmoid at 0x7f266b967d08>,<function binary_crossentropy at 0x7f266ba16b70>,0.23000000000000004,"[25, 20]",<class 'keras.optimizers.Adam'>
15,100,343.1375124132311,0.21621622145175934,0.00011327595855083459,1.0,<function elu at 0x7f266b9679d8>,2,0.0,100,<function sigmoid at 0x7f266b967d08>,<function binary_crossentropy at 0x7f266ba16b70>,0.32,"[25, 20]",<class 'keras.optimizers.Adam'>
16,200,66.07315800641034,0.21621622145175934,0.03517737838306597,1.0,<function elu at 0x7f266b9679d8>,3,0.30000000000000004,200,<function sigmoid at 0x7f266b967d08>,<function binary_crossentropy at 0x7f266ba16b70>,0.05,"[50, 25, 20]",<class 'keras.optimizers.Adam'>
17,100,39.292831124487606,0.21621622145175934,0.00016080063052132098,1.0,<function elu at 0x7f266b9679d8>,2,0.1,100,<function sigmoid at 0x7f266b967d08>,<function binary_crossentropy at 0x7f266ba16b70>,0.32,"[50, 25, 20]",<class 'keras.optimizers.Nadam'>
18,100,141.85118432947107,0.21621622145175934,0.014005404082126915,1.0,<function elu at 0x7f266b9679d8>,6,0.4,100,<function sigmoid at 0x7f266b967d08>,<function binary_crossentropy at 0x7f266ba16b70>,0.41000000000000003,"[25, 20]",<class 'keras.optimizers.Nadam'>
19,200,32.22422226055248,0.2567567527294159,0.005522640892498505,1.0,<function elu at 0x7f266b9679d8>,4,0.1,200,<function sigmoid at 0x7f266b967d08>,<function binary_crossentropy at 0x7f266ba16b70>,0.14,"[25, 20]",<class 'keras.optimizers.Nadam'>
20,200,7.26573986378876,0.5135135054588318,0.08860298991203308,1.0,<function relu at 0x7f266b967bf8>,6,0.1,200,<function sigmoid at 0x7f266b967d08>,<function binary_crossentropy at 0x7f266ba16b70>,0.05,[20],<class 'keras.optimizers.Nadam'>
21,100,19.01070935300274,0.7162162065505981,0.778556669042224,0.6666666865348816,<function elu at 0x7f266b9679d8>,5,0.1,100,<function sigmoid at 0x7f266b967d08>,<function binary_crossentropy at 0x7f266ba16b70>,0.05,[20],<class 'keras.optimizers.Adam'>
22,200,56.1507508303668,0.21621622145175934,0.30139414469401044,1.0,<function relu at 0x7f266b967bf8>,7,0.0,200,<function sigmoid at 0x7f266b967d08>,<function binary_crossentropy at 0x7f266ba16b70>,0.05,"[25, 20]",<class 'keras.optimizers.Adam'>
23,100,82.86146880484917,0.21621622145175934,0.03516331334997501,1.0,<function elu at 0x7f266b9679d8>,9,0.2,100,<function sigmoid at 0x7f266b967d08>,<function binary_crossentropy at 0x7f266ba16b70>,0.14,"[25, 20]",<class 'keras.optimizers.Nadam'>
24,100,63.07627487182617,0.21621622145175934,0.0006029746184053476,1.0,<function elu at 0x7f266b9679d8>,8,0.0,100,<function sigmoid at 0x7f266b967d08>,<function binary_crossentropy at 0x7f266ba16b70>,0.32,"[50, 25, 20]",<class 'keras.optimizers.Nadam'>
25,200,145.1884850682439,0.21621622145175934,0.036940891960901875,1.0,<function relu at 0x7f266b967bf8>,6,0.30000000000000004,200,<function sigmoid at 0x7f266b967d08>,<function binary_crossentropy at 0x7f266ba16b70>,0.14,"[50, 25, 20]",<class 'keras.optimizers.Nadam'>
26,200,103.25387150532491,0.21621622145175934,0.0003854415695708927,1.0,<function elu at 0x7f266b9679d8>,9,0.2,200,<function sigmoid at 0x7f266b967d08>,<function binary_crossentropy at 0x7f266ba16b70>,0.23000000000000004,"[50, 25, 20]",<class 'keras.optimizers.Nadam'>
27,200,133.82772455988703,0.21621622145175934,0.15935268315176168,0.9523809552192688,<function relu at 0x7f266b967bf8>,5,0.4,200,<function sigmoid at 0x7f266b967d08>,<function binary_crossentropy at 0x7f266ba16b70>,0.23000000000000004,"[25, 20]",<class 'keras.optimizers.Adam'>
28,100,82.48621430268159,0.21621622145175934,0.020567832026808036,1.0,<function relu at 0x7f266b967bf8>,5,0.0,100,<function sigmoid at 0x7f266b967d08>,<function binary_crossentropy at 0x7f266ba16b70>,0.14,"[50, 25, 20]",<class 'keras.optimizers.Adam'>
29,100,165.62861955488052,0.21621622145175934,0.0051344722736225935,1.0,<function elu at 0x7f266b9679d8>,2,0.0,100,<function sigmoid at 0x7f266b967d08>,<function binary_crossentropy at 0x7f266ba16b70>,0.23000000000000004,[20],<class 'keras.optimizers.Adam'>
30,100,37.91797478134568,0.21621622145175934,0.04723630236860897,1.0,<function relu at 0x7f266b967bf8>,9,0.1,100,<function sigmoid at 0x7f266b967d08>,<function binary_crossentropy at 0x7f266ba16b70>,0.05,"[50, 25, 20]",<class 'keras.optimizers.Nadam'>
31,100,7.819705537847571,0.28378379344940186,0.08848019529666219,1.0,<function elu at 0x7f266b9679d8>,6,0.0,100,<function sigmoid at 0x7f266b967d08>,<function binary_crossentropy at 0x7f266ba16b70>,0.05,"[25, 20]",<class 'keras.optimizers.Nadam'>
32,100,13.755126973216841,0.37837839126586914,0.0014612354371777094,1.0,<function elu at 0x7f266b9679d8>,2,0.0,100,<function sigmoid at 0x7f266b967d08>,<function binary_crossentropy at 0x7f266ba16b70>,0.14,"[25, 20]",<class 'keras.optimizers.Adam'>
33,100,4.020649344534488,0.5540540814399719,1.7791078771863664,0.0,<function relu at 0x7f266b967bf8>,9,0.0,100,<function sigmoid at 0x7f266b967d08>,<function binary_crossentropy at 0x7f266ba16b70>,0.05,[20],<class 'keras.optimizers.Nadam'>
34,200,63.199660739383184,0.21621622145175934,0.0030597923961024555,1.0,<function elu at 0x7f266b9679d8>,5,0.1,200,<function sigmoid at 0x7f266b967d08>,<function binary_crossentropy at 0x7f266ba16b70>,0.14,"[25, 20]",<class 'keras.optimizers.Nadam'>
35,200,128.2773575782776,0.21621622145175934,0.0017749055667682764,1.0,<function relu at 0x7f266b967bf8>,3,0.30000000000000004,200,<function sigmoid at 0x7f266b967d08>,<function binary_crossentropy at 0x7f266ba16b70>,0.23000000000000004,"[25, 20]",<class 'keras.optimizers.Nadam'>
36,200,193.7957651808455,0.21621622145175934,0.0010899152462549287,1.0,<function relu at 0x7f266b967bf8>,2,0.1,200,<function sigmoid at 0x7f266b967d08>,<function binary_crossentropy at 0x7f266ba16b70>,0.23000000000000004,"[50, 25, 20]",<class 'keras.optimizers.Nadam'>
37,100,99.37272629866729,0.21621622145175934,0.0031129484351757647,1.0,<function elu at 0x7f266b9679d8>,3,0.30000000000000004,100,<function sigmoid at 0x7f266b967d08>,<function binary_crossentropy at 0x7f266ba16b70>,0.32,"[25, 20]",<class 'keras.optimizers.Nadam'>
38,100,104.85333221023147,0.21621622145175934,0.213809463594641,0.9523809552192688,<function relu at 0x7f266b967bf8>,9,0.2,100,<function sigmoid at 0x7f266b967d08>,<function binary_crossentropy at 0x7f266ba16b70>,0.41000000000000003,[20],<class 'keras.optimizers.Adam'>
39,100,56.18991733241726,0.21621622145175934,0.0010180938264793007,1.0,<function elu at 0x7f266b9679d8>,5,0.0,100,<function sigmoid at 0x7f266b967d08>,<function binary_crossentropy at 0x7f266ba16b70>,0.32,"[50, 25, 20]",<class 'keras.optimizers.Nadam'>
40,200,30.992232116493017,0.21621622145175934,0.002321274601854384,1.0,<function elu at 0x7f266b9679d8>,7,0.0,200,<function sigmoid at 0x7f266b967d08>,<function binary_crossentropy at 0x7f266ba16b70>,0.41000000000000003,"[25, 20]",<class 'keras.optimizers.Nadam'>
41,100,26.147460960078842,0.21621622145175934,0.005245887441560626,1.0,<function elu at 0x7f266b9679d8>,3,0.2,100,<function sigmoid at 0x7f266b967d08>,<function binary_crossentropy at 0x7f266ba16b70>,0.14,"[25, 20]",<class 'keras.optimizers.Nadam'>
42,100,1.5661035172037177,0.6081081032752991,0.7567232747872671,0.6190476417541504,<function elu at 0x7f266b9679d8>,7,0.30000000000000004,100,<function sigmoid at 0x7f266b967d08>,<function binary_crossentropy at 0x7f266ba16b70>,0.05,"[50, 25, 20]",<class 'keras.optimizers.Adam'>
43,100,208.52821432577596,0.21621622145175934,0.01846272676318352,1.0,<function relu at 0x7f266b967bf8>,9,0.30000000000000004,100,<function sigmoid at 0x7f266b967d08>,<function binary_crossentropy at 0x7f266ba16b70>,0.41000000000000003,"[50, 25, 20]",<class 'keras.optimizers.Nadam'>
44,200,31.355019832236884,0.21621622145175934,0.0021496185612964575,1.0,<function elu at 0x7f266b9679d8>,3,0.4,200,<function sigmoid at 0x7f266b967d08>,<function binary_crossentropy at 0x7f266ba16b70>,0.23000000000000004,"[25, 20]",<class 'keras.optimizers.Nadam'>
45,200,26.574373876726305,0.21621622145175934,0.072560278698802,0.9523809552192688,<function relu at 0x7f266b967bf8>,7,0.2,200,<function sigmoid at 0x7f266b967d08>,<function binary_crossentropy at 0x7f266ba16b70>,0.23000000000000004,[20],<class 'keras.optimizers.Adam'>
46,100,28.317380209243463,0.21621622145175934,0.06169888581193629,1.0,<function elu at 0x7f266b9679d8>,2,0.2,100,<function sigmoid at 0x7f266b967d08>,<function binary_crossentropy at 0x7f266ba16b70>,0.05,[20],<class 'keras.optimizers.Nadam'>
47,200,38.486223246600176,0.21621622145175934,0.011537002476481055,1.0,<function elu at 0x7f266b9679d8>,6,0.30000000000000004,200,<function sigmoid at 0x7f266b967d08>,<function binary_crossentropy at 0x7f266ba16b70>,0.32,"[25, 20]",<class 'keras.optimizers.Adam'>
