,round_epochs,val_loss,val_accuracy,loss,accuracy,activation,batch_size,dropout,epochs,last_activation,losses,lr,neuron_tuple,optimizer
0,100,4.195175355350649,0.6351351141929626,0.380492400348885,0.890625,<function relu at 0x7f266b967bf8>,7,0.4,100,<function sigmoid at 0x7f266b967d08>,<function binary_crossentropy at 0x7f266ba16b70>,0.32,"[50, 25, 20]",<class 'keras.optimizers.Adam'>
1,100,15.865826671943069,0.6351351141929626,0.16923551250897617,0.9791666865348816,<function elu at 0x7f266b9679d8>,9,0.1,100,<function sigmoid at 0x7f266b967d08>,<function binary_crossentropy at 0x7f266ba16b70>,0.23000000000000004,[20],<class 'keras.optimizers.Adam'>
2,200,42.06691165187707,0.6216216087341309,0.013709628440580752,0.9947916865348816,<function relu at 0x7f266b967bf8>,3,0.1,200,<function sigmoid at 0x7f266b967d08>,<function binary_crossentropy at 0x7f266ba16b70>,0.32,"[50, 25, 20]",<class 'keras.optimizers.Nadam'>
3,200,19.427179203142185,0.6081081032752991,0.022868796917961214,0.9947916865348816,<function relu at 0x7f266b967bf8>,6,0.1,200,<function sigmoid at 0x7f266b967d08>,<function binary_crossentropy at 0x7f266ba16b70>,0.41000000000000003,[20],<class 'keras.optimizers.Adam'>
4,100,14.397862253962336,0.5810810923576355,0.029318787685951975,0.9947916865348816,<function relu at 0x7f266b967bf8>,7,0.1,100,<function sigmoid at 0x7f266b967d08>,<function binary_crossentropy at 0x7f266ba16b70>,0.05,"[50, 25, 20]",<class 'keras.optimizers.Nadam'>
5,200,26.86066724158622,0.5540540814399719,0.013015414088466182,0.9895833134651184,<function relu at 0x7f266b967bf8>,7,0.2,200,<function sigmoid at 0x7f266b967d08>,<function binary_crossentropy at 0x7f266ba16b70>,0.32,"[25, 20]",<class 'keras.optimizers.Nadam'>
6,200,52.805644731263854,0.5675675868988037,0.008583172235143004,0.9947916865348816,<function relu at 0x7f266b967bf8>,4,0.4,200,<function sigmoid at 0x7f266b967d08>,<function binary_crossentropy at 0x7f266ba16b70>,0.32,"[50, 25, 20]",<class 'keras.optimizers.Nadam'>
7,100,17.549091131485817,0.5945945978164673,0.019482385866040623,0.9895833134651184,<function elu at 0x7f266b9679d8>,2,0.1,100,<function sigmoid at 0x7f266b967d08>,<function binary_crossentropy at 0x7f266ba16b70>,0.23000000000000004,"[50, 25, 20]",<class 'keras.optimizers.Adam'>
8,100,26.82850607029301,0.5135135054588318,0.008496908339285276,0.9947916865348816,<function relu at 0x7f266b967bf8>,4,0.0,100,<function sigmoid at 0x7f266b967d08>,<function binary_crossentropy at 0x7f266ba16b70>,0.32,"[25, 20]",<class 'keras.optimizers.Nadam'>
9,100,20.30473682464509,0.5675675868988037,0.024817727923817756,0.984375,<function elu at 0x7f266b9679d8>,9,0.30000000000000004,100,<function sigmoid at 0x7f266b967d08>,<function binary_crossentropy at 0x7f266ba16b70>,0.41000000000000003,[20],<class 'keras.optimizers.Adam'>
10,200,19.47542433480959,0.5945945978164673,0.043824172025972295,0.984375,<function relu at 0x7f266b967bf8>,7,0.30000000000000004,200,<function sigmoid at 0x7f266b967d08>,<function binary_crossentropy at 0x7f266ba16b70>,0.14,"[25, 20]",<class 'keras.optimizers.Adam'>
11,100,27.197139475796675,0.5405405163764954,0.0966431438218045,0.953125,<function elu at 0x7f266b9679d8>,7,0.30000000000000004,100,<function sigmoid at 0x7f266b967d08>,<function binary_crossentropy at 0x7f266ba16b70>,0.41000000000000003,[20],<class 'keras.optimizers.Adam'>
12,100,20.28853391629283,0.5810810923576355,0.020416975340679936,0.9947916865348816,<function elu at 0x7f266b9679d8>,2,0.4,100,<function sigmoid at 0x7f266b967d08>,<function binary_crossentropy at 0x7f266ba16b70>,0.32,"[50, 25, 20]",<class 'keras.optimizers.Nadam'>
13,100,10.854800626132134,0.5405405163764954,0.019419212642011036,1.0,<function elu at 0x7f266b9679d8>,5,0.0,100,<function sigmoid at 0x7f266b967d08>,<function binary_crossentropy at 0x7f266ba16b70>,0.05,[20],<class 'keras.optimizers.Nadam'>
14,100,21.61196271317081,0.5675675868988037,0.1906207009469424,0.953125,<function elu at 0x7f266b9679d8>,2,0.4,100,<function sigmoid at 0x7f266b967d08>,<function binary_crossentropy at 0x7f266ba16b70>,0.05,[20],<class 'keras.optimizers.Nadam'>
15,100,18.999111691036738,0.5675675868988037,0.0189717434765934,0.9947916865348816,<function elu at 0x7f266b9679d8>,8,0.30000000000000004,100,<function sigmoid at 0x7f266b967d08>,<function binary_crossentropy at 0x7f266ba16b70>,0.32,"[25, 20]",<class 'keras.optimizers.Nadam'>
16,100,18.682902643200478,0.5945945978164673,0.1486129429742746,0.9739583134651184,<function elu at 0x7f266b9679d8>,4,0.2,100,<function sigmoid at 0x7f266b967d08>,<function binary_crossentropy at 0x7f266ba16b70>,0.14,[20],<class 'keras.optimizers.Adam'>
17,200,23.259571990235166,0.5945945978164673,0.005055962543667822,1.0,<function elu at 0x7f266b9679d8>,3,0.30000000000000004,200,<function sigmoid at 0x7f266b967d08>,<function binary_crossentropy at 0x7f266ba16b70>,0.14,"[50, 25, 20]",<class 'keras.optimizers.Nadam'>
18,100,20.632569639371138,0.5945945978164673,0.09470829092489907,0.9739583134651184,<function elu at 0x7f266b9679d8>,9,0.1,100,<function sigmoid at 0x7f266b967d08>,<function binary_crossentropy at 0x7f266ba16b70>,0.14,[20],<class 'keras.optimizers.Nadam'>
19,100,11.28208692992284,0.5675675868988037,0.020528071629541955,1.0,<function relu at 0x7f266b967bf8>,6,0.0,100,<function sigmoid at 0x7f266b967d08>,<function binary_crossentropy at 0x7f266ba16b70>,0.14,[20],<class 'keras.optimizers.Nadam'>
20,200,39.04037319725344,0.5945945978164673,0.02098452183426612,0.9947916865348816,<function relu at 0x7f266b967bf8>,4,0.2,200,<function sigmoid at 0x7f266b967d08>,<function binary_crossentropy at 0x7f266ba16b70>,0.14,[20],<class 'keras.optimizers.Nadam'>
21,200,20.304906142724526,0.5675675868988037,0.0796992603795843,0.984375,<function relu at 0x7f266b967bf8>,8,0.30000000000000004,200,<function sigmoid at 0x7f266b967d08>,<function binary_crossentropy at 0x7f266ba16b70>,0.14,[20],<class 'keras.optimizers.Nadam'>
22,100,35.029136239374814,0.5270270109176636,0.004523086872046278,0.9947916865348816,<function relu at 0x7f266b967bf8>,9,0.0,100,<function sigmoid at 0x7f266b967d08>,<function binary_crossentropy at 0x7f266ba16b70>,0.41000000000000003,"[50, 25, 20]",<class 'keras.optimizers.Adam'>
23,200,37.30897856455094,0.45945945382118225,0.00455192550266654,1.0,<function elu at 0x7f266b9679d8>,2,0.4,200,<function sigmoid at 0x7f266b967d08>,<function binary_crossentropy at 0x7f266ba16b70>,0.23000000000000004,[20],<class 'keras.optimizers.Nadam'>
24,100,32.90292064416937,0.5540540814399719,0.047591074418385365,0.984375,<function elu at 0x7f266b9679d8>,4,0.1,100,<function sigmoid at 0x7f266b967d08>,<function binary_crossentropy at 0x7f266ba16b70>,0.14,[20],<class 'keras.optimizers.Nadam'>
25,200,23.301053039608462,0.6216216087341309,0.02711472702969085,0.9947916865348816,<function relu at 0x7f266b967bf8>,6,0.4,200,<function sigmoid at 0x7f266b967d08>,<function binary_crossentropy at 0x7f266ba16b70>,0.23000000000000004,[20],<class 'keras.optimizers.Nadam'>
26,200,20.44007597742854,0.5945945978164673,0.14969974676751008,0.9635416865348816,<function relu at 0x7f266b967bf8>,8,0.2,200,<function sigmoid at 0x7f266b967d08>,<function binary_crossentropy at 0x7f266ba16b70>,0.05,"[50, 25, 20]",<class 'keras.optimizers.Nadam'>
27,100,28.958191567241386,0.5270270109176636,0.03547355374457162,0.9895833134651184,<function relu at 0x7f266b967bf8>,9,0.30000000000000004,100,<function sigmoid at 0x7f266b967d08>,<function binary_crossentropy at 0x7f266ba16b70>,0.32,"[50, 25, 20]",<class 'keras.optimizers.Nadam'>
28,100,22.525469771108114,0.5675675868988037,0.029825591869642832,0.9947916865348816,<function relu at 0x7f266b967bf8>,5,0.1,100,<function sigmoid at 0x7f266b967d08>,<function binary_crossentropy at 0x7f266ba16b70>,0.23000000000000004,[20],<class 'keras.optimizers.Nadam'>
29,100,17.899118529783713,0.5675675868988037,0.029258411730211265,0.9895833134651184,<function elu at 0x7f266b9679d8>,9,0.1,100,<function sigmoid at 0x7f266b967d08>,<function binary_crossentropy at 0x7f266ba16b70>,0.41000000000000003,"[25, 20]",<class 'keras.optimizers.Nadam'>
30,200,53.26448618560228,0.6081081032752991,0.013184948018104865,0.9947916865348816,<function relu at 0x7f266b967bf8>,2,0.30000000000000004,200,<function sigmoid at 0x7f266b967d08>,<function binary_crossentropy at 0x7f266ba16b70>,0.41000000000000003,"[50, 25, 20]",<class 'keras.optimizers.Adam'>
31,100,29.909232062262458,0.5405405163764954,0.002016536380741248,1.0,<function relu at 0x7f266b967bf8>,8,0.1,100,<function sigmoid at 0x7f266b967d08>,<function binary_crossentropy at 0x7f266ba16b70>,0.41000000000000003,"[25, 20]",<class 'keras.optimizers.Nadam'>
32,200,37.563962834073834,0.5945945978164673,0.023075636773892395,0.9947916865348816,<function elu at 0x7f266b9679d8>,3,0.4,200,<function sigmoid at 0x7f266b967d08>,<function binary_crossentropy at 0x7f266ba16b70>,0.32,"[25, 20]",<class 'keras.optimizers.Adam'>
33,200,45.49713607092161,0.5945945978164673,0.010723415514457088,0.9947916865348816,<function elu at 0x7f266b9679d8>,2,0.30000000000000004,200,<function sigmoid at 0x7f266b967d08>,<function binary_crossentropy at 0x7f266ba16b70>,0.41000000000000003,"[25, 20]",<class 'keras.optimizers.Adam'>
34,200,32.03789198535164,0.5945945978164673,0.010273741992503927,0.9895833134651184,<function elu at 0x7f266b9679d8>,2,0.1,200,<function sigmoid at 0x7f266b967d08>,<function binary_crossentropy at 0x7f266ba16b70>,0.41000000000000003,"[25, 20]",<class 'keras.optimizers.Nadam'>
35,100,6.230098301165496,0.6486486196517944,0.1911393551735766,0.921875,<function elu at 0x7f266b9679d8>,2,0.4,100,<function sigmoid at 0x7f266b967d08>,<function binary_crossentropy at 0x7f266ba16b70>,0.05,"[50, 25, 20]",<class 'keras.optimizers.Adam'>
36,200,18.332571161759866,0.5945945978164673,0.037421498873679106,0.9791666865348816,<function relu at 0x7f266b967bf8>,7,0.4,200,<function sigmoid at 0x7f266b967d08>,<function binary_crossentropy at 0x7f266ba16b70>,0.23000000000000004,[20],<class 'keras.optimizers.Nadam'>
37,200,28.50906259422442,0.5405405163764954,0.0022757481054763904,1.0,<function elu at 0x7f266b9679d8>,5,0.1,200,<function sigmoid at 0x7f266b967d08>,<function binary_crossentropy at 0x7f266ba16b70>,0.41000000000000003,[20],<class 'keras.optimizers.Nadam'>
38,100,17.421741720668084,0.5945945978164673,0.03597283655659821,0.9791666865348816,<function elu at 0x7f266b9679d8>,4,0.4,100,<function sigmoid at 0x7f266b967d08>,<function binary_crossentropy at 0x7f266ba16b70>,0.41000000000000003,"[50, 25, 20]",<class 'keras.optimizers.Nadam'>
39,200,21.37623609078897,0.5945945978164673,0.004753874408435592,1.0,<function elu at 0x7f266b9679d8>,8,0.0,200,<function sigmoid at 0x7f266b967d08>,<function binary_crossentropy at 0x7f266ba16b70>,0.32,"[50, 25, 20]",<class 'keras.optimizers.Nadam'>
40,100,12.978339617316788,0.5675675868988037,0.02883807039355209,0.9895833134651184,<function elu at 0x7f266b9679d8>,7,0.2,100,<function sigmoid at 0x7f266b967d08>,<function binary_crossentropy at 0x7f266ba16b70>,0.23000000000000004,"[25, 20]",<class 'keras.optimizers.Adam'>
41,200,9.735157319435825,0.5945945978164673,0.14338077980774347,0.9583333134651184,<function relu at 0x7f266b967bf8>,4,0.4,200,<function sigmoid at 0x7f266b967d08>,<function binary_crossentropy at 0x7f266ba16b70>,0.05,"[50, 25, 20]",<class 'keras.optimizers.Nadam'>
42,200,12.489121835125056,0.6351351141929626,0.053267632016751554,0.9791666865348816,<function relu at 0x7f266b967bf8>,5,0.30000000000000004,200,<function sigmoid at 0x7f266b967d08>,<function binary_crossentropy at 0x7f266ba16b70>,0.14,"[25, 20]",<class 'keras.optimizers.Adam'>
43,100,19.825602196358346,0.5540540814399719,0.0072856583330215005,1.0,<function elu at 0x7f266b9679d8>,7,0.0,100,<function sigmoid at 0x7f266b967d08>,<function binary_crossentropy at 0x7f266ba16b70>,0.32,"[25, 20]",<class 'keras.optimizers.Adam'>
44,100,16.816322090733493,0.5945945978164673,0.03667340181326852,0.9895833134651184,<function relu at 0x7f266b967bf8>,5,0.2,100,<function sigmoid at 0x7f266b967d08>,<function binary_crossentropy at 0x7f266ba16b70>,0.14,[20],<class 'keras.optimizers.Nadam'>
45,100,24.117344811155988,0.5405405163764954,0.00714004088291061,1.0,<function relu at 0x7f266b967bf8>,7,0.0,100,<function sigmoid at 0x7f266b967d08>,<function binary_crossentropy at 0x7f266ba16b70>,0.14,"[50, 25, 20]",<class 'keras.optimizers.Adam'>
46,200,5.6694056278950455,0.6351351141929626,0.0804141017627747,1.0,<function relu at 0x7f266b967bf8>,8,0.0,200,<function sigmoid at 0x7f266b967d08>,<function binary_crossentropy at 0x7f266ba16b70>,0.05,[20],<class 'keras.optimizers.Adam'>
47,100,15.24982238158181,0.6081081032752991,0.07317860623021015,0.9791666865348816,<function elu at 0x7f266b9679d8>,5,0.4,100,<function sigmoid at 0x7f266b967d08>,<function binary_crossentropy at 0x7f266ba16b70>,0.32,"[25, 20]",<class 'keras.optimizers.Adam'>
