,round_epochs,val_loss,val_accuracy,loss,accuracy,activation,batch_size,dropout,epochs,last_activation,losses,lr,neuron_tuple,optimizer
0,200,532.7558143203323,0.21621622145175934,1.7416532567878866e-09,1.0,<function relu at 0x7f266b967bf8>,2,0.30000000000000004,200,<function sigmoid at 0x7f266b967d08>,<function binary_crossentropy at 0x7f266ba16b70>,0.41000000000000003,"[50, 25, 20]",<class 'keras.optimizers.Nadam'>
1,200,247.30043720554661,0.21621622145175934,0.007164118472307844,1.0,<function relu at 0x7f266b967bf8>,6,0.4,200,<function sigmoid at 0x7f266b967d08>,<function binary_crossentropy at 0x7f266ba16b70>,0.23000000000000004,"[50, 25, 20]",<class 'keras.optimizers.Nadam'>
2,200,172.0557892258103,0.21621622145175934,0.0009676891176450925,1.0,<function relu at 0x7f266b967bf8>,8,0.0,200,<function sigmoid at 0x7f266b967d08>,<function binary_crossentropy at 0x7f266ba16b70>,0.23000000000000004,"[25, 20]",<class 'keras.optimizers.Nadam'>
3,200,120.1047020087371,0.21621622145175934,0.005415951338363811,1.0,<function elu at 0x7f266b9679d8>,4,0.0,200,<function sigmoid at 0x7f266b967d08>,<function binary_crossentropy at 0x7f266ba16b70>,0.14,[20],<class 'keras.optimizers.Adam'>
4,100,148.68577451963682,0.21621622145175934,0.0012177496473901928,1.0,<function relu at 0x7f266b967bf8>,8,0.1,100,<function sigmoid at 0x7f266b967d08>,<function binary_crossentropy at 0x7f266ba16b70>,0.41000000000000003,"[50, 25, 20]",<class 'keras.optimizers.Nadam'>
5,100,175.94051495113888,0.21621622145175934,0.00015289658547436552,1.0,<function relu at 0x7f266b967bf8>,7,0.4,100,<function sigmoid at 0x7f266b967d08>,<function binary_crossentropy at 0x7f266ba16b70>,0.41000000000000003,[20],<class 'keras.optimizers.Nadam'>
6,200,161.0582971315126,0.21621622145175934,0.011798520615579596,1.0,<function relu at 0x7f266b967bf8>,6,0.30000000000000004,200,<function sigmoid at 0x7f266b967d08>,<function binary_crossentropy at 0x7f266ba16b70>,0.23000000000000004,"[25, 20]",<class 'keras.optimizers.Adam'>
7,100,161.32741054328713,0.21621622145175934,0.006290200410146641,1.0,<function elu at 0x7f266b9679d8>,4,0.2,100,<function sigmoid at 0x7f266b967d08>,<function binary_crossentropy at 0x7f266ba16b70>,0.32,[20],<class 'keras.optimizers.Nadam'>
8,100,38.80954077437117,0.28378379344940186,0.9503754927561834,0.5641025900840759,<function relu at 0x7f266b967bf8>,8,0.30000000000000004,100,<function sigmoid at 0x7f266b967d08>,<function binary_crossentropy at 0x7f266ba16b70>,0.05,"[25, 20]",<class 'keras.optimizers.Adam'>
9,200,220.67054294895482,0.21621622145175934,0.003949229738771884,1.0,<function relu at 0x7f266b967bf8>,8,0.30000000000000004,200,<function sigmoid at 0x7f266b967d08>,<function binary_crossentropy at 0x7f266ba16b70>,0.41000000000000003,[20],<class 'keras.optimizers.Adam'>
10,200,189.8582709028914,0.21621622145175934,0.00010872186014317442,1.0,<function relu at 0x7f266b967bf8>,6,0.0,200,<function sigmoid at 0x7f266b967d08>,<function binary_crossentropy at 0x7f266ba16b70>,0.41000000000000003,"[50, 25, 20]",<class 'keras.optimizers.Nadam'>
11,200,81.93133395426982,0.21621622145175934,0.0006468957474750753,1.0,<function elu at 0x7f266b9679d8>,9,0.0,200,<function sigmoid at 0x7f266b967d08>,<function binary_crossentropy at 0x7f266ba16b70>,0.32,"[25, 20]",<class 'keras.optimizers.Nadam'>
12,100,37.56771152083938,0.21621622145175934,0.061865357538828485,0.9743589758872986,<function elu at 0x7f266b9679d8>,6,0.4,100,<function sigmoid at 0x7f266b967d08>,<function binary_crossentropy at 0x7f266ba16b70>,0.05,"[25, 20]",<class 'keras.optimizers.Nadam'>
13,100,171.40063290982633,0.21621622145175934,0.0032287311303032485,1.0,<function relu at 0x7f266b967bf8>,7,0.2,100,<function sigmoid at 0x7f266b967d08>,<function binary_crossentropy at 0x7f266ba16b70>,0.14,[20],<class 'keras.optimizers.Nadam'>
14,100,57.68085997813457,0.21621622145175934,0.010945163774662293,1.0,<function elu at 0x7f266b9679d8>,9,0.30000000000000004,100,<function sigmoid at 0x7f266b967d08>,<function binary_crossentropy at 0x7f266ba16b70>,0.14,"[50, 25, 20]",<class 'keras.optimizers.Nadam'>
15,200,116.74259315954673,0.21621622145175934,0.0036182599931235105,1.0,<function relu at 0x7f266b967bf8>,3,0.1,200,<function sigmoid at 0x7f266b967d08>,<function binary_crossentropy at 0x7f266ba16b70>,0.41000000000000003,[20],<class 'keras.optimizers.Nadam'>
16,100,95.03453218614733,0.21621622145175934,0.004941338545624883,1.0,<function relu at 0x7f266b967bf8>,8,0.0,100,<function sigmoid at 0x7f266b967d08>,<function binary_crossentropy at 0x7f266ba16b70>,0.23000000000000004,[20],<class 'keras.optimizers.Nadam'>
17,200,166.12622245582375,0.21621622145175934,0.00022601942467814204,1.0,<function elu at 0x7f266b9679d8>,7,0.30000000000000004,200,<function sigmoid at 0x7f266b967d08>,<function binary_crossentropy at 0x7f266ba16b70>,0.23000000000000004,"[25, 20]",<class 'keras.optimizers.Nadam'>
18,100,175.89007585113114,0.21621622145175934,0.038624796809002944,1.0,<function relu at 0x7f266b967bf8>,3,0.4,100,<function sigmoid at 0x7f266b967d08>,<function binary_crossentropy at 0x7f266ba16b70>,0.05,[20],<class 'keras.optimizers.Nadam'>
19,100,29.108511187367153,0.21621622145175934,0.002668457651569229,1.0,<function elu at 0x7f266b9679d8>,2,0.1,100,<function sigmoid at 0x7f266b967d08>,<function binary_crossentropy at 0x7f266ba16b70>,0.23000000000000004,[20],<class 'keras.optimizers.Nadam'>
20,200,129.99604508683487,0.21621622145175934,0.004974774672937917,1.0,<function relu at 0x7f266b967bf8>,3,0.1,200,<function sigmoid at 0x7f266b967d08>,<function binary_crossentropy at 0x7f266ba16b70>,0.23000000000000004,"[25, 20]",<class 'keras.optimizers.Nadam'>
21,200,54.223045768335965,0.21621622145175934,0.558273216136373,0.7435897588729858,<function relu at 0x7f266b967bf8>,3,0.4,200,<function sigmoid at 0x7f266b967d08>,<function binary_crossentropy at 0x7f266ba16b70>,0.05,[20],<class 'keras.optimizers.Adam'>
22,100,38.82151155214052,0.21621622145175934,0.059422024549582064,0.9743589758872986,<function relu at 0x7f266b967bf8>,8,0.1,100,<function sigmoid at 0x7f266b967d08>,<function binary_crossentropy at 0x7f266ba16b70>,0.23000000000000004,[20],<class 'keras.optimizers.Nadam'>
23,200,69.65562516289788,0.21621622145175934,0.0009999065972433295,1.0,<function elu at 0x7f266b9679d8>,5,0.1,200,<function sigmoid at 0x7f266b967d08>,<function binary_crossentropy at 0x7f266ba16b70>,0.41000000000000003,"[25, 20]",<class 'keras.optimizers.Adam'>
24,100,44.861647708995925,0.21621622145175934,0.00011698853747405407,1.0,<function elu at 0x7f266b9679d8>,2,0.0,100,<function sigmoid at 0x7f266b967d08>,<function binary_crossentropy at 0x7f266ba16b70>,0.41000000000000003,"[50, 25, 20]",<class 'keras.optimizers.Adam'>
25,100,65.67994009481895,0.21621622145175934,0.018931330169718236,1.0,<function elu at 0x7f266b9679d8>,7,0.30000000000000004,100,<function sigmoid at 0x7f266b967d08>,<function binary_crossentropy at 0x7f266ba16b70>,0.23000000000000004,[20],<class 'keras.optimizers.Adam'>
26,200,166.7235766230403,0.21621622145175934,1.8325823872463078e-05,1.0,<function elu at 0x7f266b9679d8>,5,0.0,200,<function sigmoid at 0x7f266b967d08>,<function binary_crossentropy at 0x7f266ba16b70>,0.32,"[50, 25, 20]",<class 'keras.optimizers.Adam'>
27,100,50.54972527478192,0.21621622145175934,0.0038021372832493703,1.0,<function elu at 0x7f266b9679d8>,4,0.1,100,<function sigmoid at 0x7f266b967d08>,<function binary_crossentropy at 0x7f266ba16b70>,0.23000000000000004,[20],<class 'keras.optimizers.Nadam'>
28,100,99.15424578898661,0.21621622145175934,0.0003994471575925929,1.0,<function elu at 0x7f266b9679d8>,5,0.0,100,<function sigmoid at 0x7f266b967d08>,<function binary_crossentropy at 0x7f266ba16b70>,0.23000000000000004,"[50, 25, 20]",<class 'keras.optimizers.Nadam'>
29,100,214.26256878311568,0.21621622145175934,0.0021903334573949184,1.0,<function relu at 0x7f266b967bf8>,3,0.1,100,<function sigmoid at 0x7f266b967d08>,<function binary_crossentropy at 0x7f266ba16b70>,0.41000000000000003,"[50, 25, 20]",<class 'keras.optimizers.Adam'>
30,200,268.68407192745724,0.21621622145175934,0.00012061264795029741,1.0,<function relu at 0x7f266b967bf8>,8,0.1,200,<function sigmoid at 0x7f266b967d08>,<function binary_crossentropy at 0x7f266ba16b70>,0.41000000000000003,"[25, 20]",<class 'keras.optimizers.Adam'>
31,200,168.63960070223422,0.21621622145175934,0.0010513241258417831,1.0,<function elu at 0x7f266b9679d8>,5,0.0,200,<function sigmoid at 0x7f266b967d08>,<function binary_crossentropy at 0x7f266ba16b70>,0.41000000000000003,[20],<class 'keras.optimizers.Adam'>
32,100,80.66912913966823,0.21621622145175934,0.023043591735096507,1.0,<function elu at 0x7f266b9679d8>,7,0.30000000000000004,100,<function sigmoid at 0x7f266b967d08>,<function binary_crossentropy at 0x7f266ba16b70>,0.23000000000000004,[20],<class 'keras.optimizers.Nadam'>
33,200,26.880859014150257,0.21621622145175934,0.0007060193673122483,1.0,<function elu at 0x7f266b9679d8>,4,0.0,200,<function sigmoid at 0x7f266b967d08>,<function binary_crossentropy at 0x7f266ba16b70>,0.14,"[50, 25, 20]",<class 'keras.optimizers.Adam'>
34,100,83.85120010375977,0.21621622145175934,0.05970715435269552,0.9743589758872986,<function elu at 0x7f266b9679d8>,7,0.30000000000000004,100,<function sigmoid at 0x7f266b967d08>,<function binary_crossentropy at 0x7f266ba16b70>,0.14,"[25, 20]",<class 'keras.optimizers.Adam'>
35,200,81.85006636542244,0.21621622145175934,0.0010585881611058167,1.0,<function elu at 0x7f266b9679d8>,5,0.1,200,<function sigmoid at 0x7f266b967d08>,<function binary_crossentropy at 0x7f266ba16b70>,0.23000000000000004,"[25, 20]",<class 'keras.optimizers.Nadam'>
36,100,285.31067214141024,0.21621622145175934,6.124883284251489e-05,1.0,<function relu at 0x7f266b967bf8>,6,0.0,100,<function sigmoid at 0x7f266b967d08>,<function binary_crossentropy at 0x7f266ba16b70>,0.32,"[50, 25, 20]",<class 'keras.optimizers.Nadam'>
37,100,144.6043320217648,0.21621622145175934,0.00011521141828374208,1.0,<function elu at 0x7f266b9679d8>,4,0.0,100,<function sigmoid at 0x7f266b967d08>,<function binary_crossentropy at 0x7f266ba16b70>,0.14,"[50, 25, 20]",<class 'keras.optimizers.Adam'>
38,100,16.06555110007236,0.5540540814399719,0.00045962115011486906,1.0,<function elu at 0x7f266b9679d8>,3,0.0,100,<function sigmoid at 0x7f266b967d08>,<function binary_crossentropy at 0x7f266ba16b70>,0.14,"[50, 25, 20]",<class 'keras.optimizers.Nadam'>
39,100,115.64924829070632,0.21621622145175934,0.024336326567348666,1.0,<function relu at 0x7f266b967bf8>,3,0.4,100,<function sigmoid at 0x7f266b967d08>,<function binary_crossentropy at 0x7f266ba16b70>,0.23000000000000004,"[25, 20]",<class 'keras.optimizers.Adam'>
40,200,144.00534547341837,0.21621622145175934,0.0019482307658248688,1.0,<function relu at 0x7f266b967bf8>,6,0.1,200,<function sigmoid at 0x7f266b967d08>,<function binary_crossentropy at 0x7f266ba16b70>,0.14,"[25, 20]",<class 'keras.optimizers.Nadam'>
41,100,70.10048608522158,0.21621622145175934,0.03718576659015619,1.0,<function relu at 0x7f266b967bf8>,2,0.1,100,<function sigmoid at 0x7f266b967d08>,<function binary_crossentropy at 0x7f266ba16b70>,0.05,"[50, 25, 20]",<class 'keras.optimizers.Adam'>
42,200,145.53412854993667,0.21621622145175934,0.0014252992072778753,1.0,<function relu at 0x7f266b967bf8>,4,0.4,200,<function sigmoid at 0x7f266b967d08>,<function binary_crossentropy at 0x7f266ba16b70>,0.32,"[25, 20]",<class 'keras.optimizers.Nadam'>
43,200,90.00047962085621,0.21621622145175934,0.018693106568463964,1.0,<function elu at 0x7f266b9679d8>,5,0.4,200,<function sigmoid at 0x7f266b967d08>,<function binary_crossentropy at 0x7f266ba16b70>,0.23000000000000004,[20],<class 'keras.optimizers.Adam'>
44,100,182.57867168735814,0.21621622145175934,0.0011741151965039569,1.0,<function relu at 0x7f266b967bf8>,4,0.4,100,<function sigmoid at 0x7f266b967d08>,<function binary_crossentropy at 0x7f266ba16b70>,0.41000000000000003,"[50, 25, 20]",<class 'keras.optimizers.Nadam'>
45,100,175.94555586737556,0.21621622145175934,0.014857036220536638,1.0,<function elu at 0x7f266b9679d8>,6,0.2,100,<function sigmoid at 0x7f266b967d08>,<function binary_crossentropy at 0x7f266ba16b70>,0.41000000000000003,[20],<class 'keras.optimizers.Adam'>
46,100,93.14331853711927,0.21621622145175934,0.006584914964601751,1.0,<function relu at 0x7f266b967bf8>,2,0.4,100,<function sigmoid at 0x7f266b967d08>,<function binary_crossentropy at 0x7f266ba16b70>,0.23000000000000004,"[50, 25, 20]",<class 'keras.optimizers.Adam'>
47,100,84.57323515093005,0.21621622145175934,0.03487133101163755,1.0,<function relu at 0x7f266b967bf8>,2,0.4,100,<function sigmoid at 0x7f266b967d08>,<function binary_crossentropy at 0x7f266ba16b70>,0.14,[20],<class 'keras.optimizers.Nadam'>
