,round_epochs,val_loss,val_accuracy,loss,accuracy,activation,batch_size,dropout,epochs,last_activation,losses,lr,neuron_tuple,optimizer
0,200,22.0085965902635,0.5540540814399719,0.012556346091340579,1.0,<function relu at 0x7f266b967bf8>,9,0.1,200,<function sigmoid at 0x7f266b967d08>,<function binary_crossentropy at 0x7f266ba16b70>,0.32,"[50, 25, 20]",<class 'keras.optimizers.Adam'>
1,100,17.3937493723792,0.5675675868988037,0.07944897114420714,0.9739130139350891,<function relu at 0x7f266b967bf8>,8,0.2,100,<function sigmoid at 0x7f266b967d08>,<function binary_crossentropy at 0x7f266ba16b70>,0.41000000000000003,"[50, 25, 20]",<class 'keras.optimizers.Adam'>
2,100,14.586601630834913,0.6486486196517944,0.20508084107068894,0.947826087474823,<function relu at 0x7f266b967bf8>,5,0.30000000000000004,100,<function sigmoid at 0x7f266b967d08>,<function binary_crossentropy at 0x7f266ba16b70>,0.14,[20],<class 'keras.optimizers.Nadam'>
3,200,17.068996154879397,0.6486486196517944,0.02578919182592274,0.991304337978363,<function elu at 0x7f266b9679d8>,9,0.4,200,<function sigmoid at 0x7f266b967d08>,<function binary_crossentropy at 0x7f266ba16b70>,0.23000000000000004,"[25, 20]",<class 'keras.optimizers.Adam'>
4,100,15.222961168031436,0.5810810923576355,0.25771351676920184,0.895652174949646,<function relu at 0x7f266b967bf8>,8,0.30000000000000004,100,<function sigmoid at 0x7f266b967d08>,<function binary_crossentropy at 0x7f266ba16b70>,0.41000000000000003,"[25, 20]",<class 'keras.optimizers.Adam'>
5,200,30.328773531636593,0.5270270109176636,0.031822052319929475,0.9826086759567261,<function relu at 0x7f266b967bf8>,2,0.0,200,<function sigmoid at 0x7f266b967d08>,<function binary_crossentropy at 0x7f266ba16b70>,0.41000000000000003,"[50, 25, 20]",<class 'keras.optimizers.Adam'>
6,100,22.08190698002404,0.5810810923576355,0.010356423813711418,1.0,<function relu at 0x7f266b967bf8>,2,0.0,100,<function sigmoid at 0x7f266b967d08>,<function binary_crossentropy at 0x7f266ba16b70>,0.05,"[50, 25, 20]",<class 'keras.optimizers.Nadam'>
7,200,19.811015096229575,0.6216216087341309,0.014095180580261513,1.0,<function relu at 0x7f266b967bf8>,4,0.1,200,<function sigmoid at 0x7f266b967d08>,<function binary_crossentropy at 0x7f266ba16b70>,0.41000000000000003,"[25, 20]",<class 'keras.optimizers.Adam'>
8,200,12.44177179089299,0.5945945978164673,0.11799273699036111,0.9652174115180969,<function elu at 0x7f266b9679d8>,9,0.30000000000000004,200,<function sigmoid at 0x7f266b967d08>,<function binary_crossentropy at 0x7f266ba16b70>,0.05,"[50, 25, 20]",<class 'keras.optimizers.Nadam'>
9,200,24.972636497749505,0.5945945978164673,0.009468043986761756,1.0,<function elu at 0x7f266b9679d8>,3,0.1,200,<function sigmoid at 0x7f266b967d08>,<function binary_crossentropy at 0x7f266ba16b70>,0.32,[20],<class 'keras.optimizers.Nadam'>
10,200,37.49460135279475,0.5945945978164673,0.02270772068433782,0.991304337978363,<function relu at 0x7f266b967bf8>,8,0.30000000000000004,200,<function sigmoid at 0x7f266b967d08>,<function binary_crossentropy at 0x7f266ba16b70>,0.23000000000000004,"[50, 25, 20]",<class 'keras.optimizers.Nadam'>
11,200,21.78927155582455,0.5540540814399719,0.014495624163511979,1.0,<function relu at 0x7f266b967bf8>,9,0.0,200,<function sigmoid at 0x7f266b967d08>,<function binary_crossentropy at 0x7f266ba16b70>,0.23000000000000004,[20],<class 'keras.optimizers.Nadam'>
12,100,16.286872466271014,0.5675675868988037,0.037030448785387596,0.9826086759567261,<function elu at 0x7f266b9679d8>,3,0.2,100,<function sigmoid at 0x7f266b967d08>,<function binary_crossentropy at 0x7f266ba16b70>,0.32,"[25, 20]",<class 'keras.optimizers.Nadam'>
13,100,10.026299005737368,0.5810810923576355,0.23244101937092163,0.9130434989929199,<function relu at 0x7f266b967bf8>,2,0.2,100,<function sigmoid at 0x7f266b967d08>,<function binary_crossentropy at 0x7f266ba16b70>,0.05,"[50, 25, 20]",<class 'keras.optimizers.Adam'>
14,200,18.853800006247127,0.6216216087341309,0.02389590158377211,0.991304337978363,<function elu at 0x7f266b9679d8>,4,0.1,200,<function sigmoid at 0x7f266b967d08>,<function binary_crossentropy at 0x7f266ba16b70>,0.14,"[50, 25, 20]",<class 'keras.optimizers.Nadam'>
15,100,15.085643249589044,0.6081081032752991,0.012834336330769988,1.0,<function elu at 0x7f266b9679d8>,7,0.1,100,<function sigmoid at 0x7f266b967d08>,<function binary_crossentropy at 0x7f266ba16b70>,0.32,"[50, 25, 20]",<class 'keras.optimizers.Adam'>
16,200,23.14128291908365,0.5675675868988037,0.020717872504072782,0.991304337978363,<function elu at 0x7f266b9679d8>,4,0.2,200,<function sigmoid at 0x7f266b967d08>,<function binary_crossentropy at 0x7f266ba16b70>,0.23000000000000004,"[25, 20]",<class 'keras.optimizers.Nadam'>
17,100,26.809776123896828,0.5810810923576355,0.04360462122080524,0.991304337978363,<function relu at 0x7f266b967bf8>,9,0.30000000000000004,100,<function sigmoid at 0x7f266b967d08>,<function binary_crossentropy at 0x7f266ba16b70>,0.41000000000000003,"[50, 25, 20]",<class 'keras.optimizers.Nadam'>
18,100,12.648463784282825,0.5810810923576355,0.13728067657464874,0.9304347634315491,<function relu at 0x7f266b967bf8>,4,0.1,100,<function sigmoid at 0x7f266b967d08>,<function binary_crossentropy at 0x7f266ba16b70>,0.14,"[25, 20]",<class 'keras.optimizers.Adam'>
19,200,8.021860385263288,0.5810810923576355,0.5397754333832737,0.8173912763595581,<function elu at 0x7f266b9679d8>,6,0.2,200,<function sigmoid at 0x7f266b967d08>,<function binary_crossentropy at 0x7f266ba16b70>,0.05,[20],<class 'keras.optimizers.Adam'>
20,100,6.486502654378529,0.5675675868988037,1.6169285335618517,0.626086950302124,<function relu at 0x7f266b967bf8>,4,0.30000000000000004,100,<function sigmoid at 0x7f266b967d08>,<function binary_crossentropy at 0x7f266ba16b70>,0.05,[20],<class 'keras.optimizers.Nadam'>
21,200,36.86473726165305,0.6216216087341309,0.009207494964001577,1.0,<function elu at 0x7f266b9679d8>,5,0.30000000000000004,200,<function sigmoid at 0x7f266b967d08>,<function binary_crossentropy at 0x7f266ba16b70>,0.32,"[25, 20]",<class 'keras.optimizers.Nadam'>
22,200,38.203139073139916,0.5405405163764954,0.020277390214133724,0.9826086759567261,<function relu at 0x7f266b967bf8>,8,0.1,200,<function sigmoid at 0x7f266b967d08>,<function binary_crossentropy at 0x7f266ba16b70>,0.32,"[25, 20]",<class 'keras.optimizers.Nadam'>
23,200,19.703220457644075,0.5675675868988037,0.011616700205764652,1.0,<function elu at 0x7f266b9679d8>,7,0.30000000000000004,200,<function sigmoid at 0x7f266b967d08>,<function binary_crossentropy at 0x7f266ba16b70>,0.41000000000000003,[20],<class 'keras.optimizers.Adam'>
24,200,27.561088858424007,0.5810810923576355,0.10732028842176078,0.947826087474823,<function relu at 0x7f266b967bf8>,7,0.30000000000000004,200,<function sigmoid at 0x7f266b967d08>,<function binary_crossentropy at 0x7f266ba16b70>,0.23000000000000004,"[50, 25, 20]",<class 'keras.optimizers.Nadam'>
25,100,18.8176315742823,0.5945945978164673,0.13869407753785432,0.939130425453186,<function elu at 0x7f266b9679d8>,4,0.30000000000000004,100,<function sigmoid at 0x7f266b967d08>,<function binary_crossentropy at 0x7f266ba16b70>,0.14,"[25, 20]",<class 'keras.optimizers.Adam'>
26,200,15.001562017625917,0.5945945978164673,0.07631720866926986,0.9826086759567261,<function relu at 0x7f266b967bf8>,9,0.30000000000000004,200,<function sigmoid at 0x7f266b967d08>,<function binary_crossentropy at 0x7f266ba16b70>,0.23000000000000004,[20],<class 'keras.optimizers.Adam'>
27,200,24.88248999551373,0.5810810923576355,0.010919139618145772,1.0,<function elu at 0x7f266b9679d8>,6,0.1,200,<function sigmoid at 0x7f266b967d08>,<function binary_crossentropy at 0x7f266ba16b70>,0.32,"[25, 20]",<class 'keras.optimizers.Nadam'>
28,200,26.062957141386782,0.6081081032752991,0.0012002587013001604,1.0,<function elu at 0x7f266b9679d8>,5,0.0,200,<function sigmoid at 0x7f266b967d08>,<function binary_crossentropy at 0x7f266ba16b70>,0.41000000000000003,"[50, 25, 20]",<class 'keras.optimizers.Adam'>
29,200,18.205172513120782,0.5810810923576355,0.016497891128402324,0.991304337978363,<function elu at 0x7f266b9679d8>,6,0.30000000000000004,200,<function sigmoid at 0x7f266b967d08>,<function binary_crossentropy at 0x7f266ba16b70>,0.23000000000000004,"[50, 25, 20]",<class 'keras.optimizers.Nadam'>
30,100,6.046166482910111,0.44594594836235046,0.5094699953561244,0.7043478488922119,<function relu at 0x7f266b967bf8>,3,0.0,100,<function sigmoid at 0x7f266b967d08>,<function binary_crossentropy at 0x7f266ba16b70>,0.05,[20],<class 'keras.optimizers.Adam'>
31,200,20.711496555057977,0.6486486196517944,0.012068654405859138,1.0,<function relu at 0x7f266b967bf8>,9,0.0,200,<function sigmoid at 0x7f266b967d08>,<function binary_crossentropy at 0x7f266ba16b70>,0.05,"[50, 25, 20]",<class 'keras.optimizers.Nadam'>
32,200,27.716975392522038,0.5540540814399719,0.040632836918195664,0.991304337978363,<function elu at 0x7f266b9679d8>,8,0.2,200,<function sigmoid at 0x7f266b967d08>,<function binary_crossentropy at 0x7f266ba16b70>,0.41000000000000003,"[50, 25, 20]",<class 'keras.optimizers.Nadam'>
33,200,24.233461896986842,0.6351351141929626,0.01220440634459247,1.0,<function elu at 0x7f266b9679d8>,9,0.0,200,<function sigmoid at 0x7f266b967d08>,<function binary_crossentropy at 0x7f266ba16b70>,0.32,[20],<class 'keras.optimizers.Nadam'>
34,100,13.431268724738747,0.6351351141929626,0.22778350341009765,0.9217391014099121,<function elu at 0x7f266b9679d8>,8,0.4,100,<function sigmoid at 0x7f266b967d08>,<function binary_crossentropy at 0x7f266ba16b70>,0.32,"[25, 20]",<class 'keras.optimizers.Adam'>
35,100,32.88282531016582,0.5540540814399719,0.07685140951664084,0.9739130139350891,<function relu at 0x7f266b967bf8>,7,0.1,100,<function sigmoid at 0x7f266b967d08>,<function binary_crossentropy at 0x7f266ba16b70>,0.41000000000000003,"[25, 20]",<class 'keras.optimizers.Nadam'>
36,200,22.473838518494077,0.5540540814399719,0.020578316245864186,0.9826086759567261,<function elu at 0x7f266b9679d8>,3,0.4,200,<function sigmoid at 0x7f266b967d08>,<function binary_crossentropy at 0x7f266ba16b70>,0.23000000000000004,"[25, 20]",<class 'keras.optimizers.Nadam'>
37,100,25.732149780275844,0.5675675868988037,0.03565533998581763,0.9826086759567261,<function relu at 0x7f266b967bf8>,9,0.1,100,<function sigmoid at 0x7f266b967d08>,<function binary_crossentropy at 0x7f266ba16b70>,0.41000000000000003,"[25, 20]",<class 'keras.optimizers.Nadam'>
38,200,26.81065484512943,0.5270270109176636,0.02607522586851859,0.991304337978363,<function relu at 0x7f266b967bf8>,3,0.1,200,<function sigmoid at 0x7f266b967d08>,<function binary_crossentropy at 0x7f266ba16b70>,0.05,"[50, 25, 20]",<class 'keras.optimizers.Nadam'>
39,200,26.487892307759985,0.5540540814399719,0.016974058972748014,0.991304337978363,<function relu at 0x7f266b967bf8>,2,0.1,200,<function sigmoid at 0x7f266b967d08>,<function binary_crossentropy at 0x7f266ba16b70>,0.23000000000000004,[20],<class 'keras.optimizers.Nadam'>
40,200,29.75855002068018,0.5270270109176636,0.013918028041237191,0.991304337978363,<function elu at 0x7f266b9679d8>,4,0.4,200,<function sigmoid at 0x7f266b967d08>,<function binary_crossentropy at 0x7f266ba16b70>,0.32,[20],<class 'keras.optimizers.Adam'>
41,100,16.969691179593507,0.5810810923576355,0.008597122390835427,1.0,<function elu at 0x7f266b9679d8>,4,0.1,100,<function sigmoid at 0x7f266b967d08>,<function binary_crossentropy at 0x7f266ba16b70>,0.14,"[50, 25, 20]",<class 'keras.optimizers.Nadam'>
42,100,19.479021641350275,0.6081081032752991,1.2272496840228204,0.8260869383811951,<function elu at 0x7f266b9679d8>,8,0.30000000000000004,100,<function sigmoid at 0x7f266b967d08>,<function binary_crossentropy at 0x7f266ba16b70>,0.14,"[25, 20]",<class 'keras.optimizers.Adam'>
43,100,30.91208235127683,0.4864864945411682,0.02877160084212165,0.991304337978363,<function relu at 0x7f266b967bf8>,2,0.1,100,<function sigmoid at 0x7f266b967d08>,<function binary_crossentropy at 0x7f266ba16b70>,0.41000000000000003,"[25, 20]",<class 'keras.optimizers.Adam'>
44,100,25.127393804470852,0.5405405163764954,0.009681388857074046,1.0,<function relu at 0x7f266b967bf8>,9,0.0,100,<function sigmoid at 0x7f266b967d08>,<function binary_crossentropy at 0x7f266ba16b70>,0.32,"[25, 20]",<class 'keras.optimizers.Nadam'>
45,100,17.802258894652933,0.5675675868988037,0.024689776889357272,1.0,<function relu at 0x7f266b967bf8>,5,0.0,100,<function sigmoid at 0x7f266b967d08>,<function binary_crossentropy at 0x7f266ba16b70>,0.05,"[25, 20]",<class 'keras.optimizers.Nadam'>
46,200,23.949621126900592,0.6081081032752991,0.004658019831296426,1.0,<function elu at 0x7f266b9679d8>,3,0.0,200,<function sigmoid at 0x7f266b967d08>,<function binary_crossentropy at 0x7f266ba16b70>,0.23000000000000004,"[25, 20]",<class 'keras.optimizers.Adam'>
47,100,10.358630633424276,0.6216216087341309,0.02919646998973732,0.991304337978363,<function elu at 0x7f266b9679d8>,3,0.2,100,<function sigmoid at 0x7f266b967d08>,<function binary_crossentropy at 0x7f266ba16b70>,0.14,"[50, 25, 20]",<class 'keras.optimizers.Nadam'>
