,round_epochs,val_loss,val_accuracy,loss,accuracy,activation,batch_size,dropout,epochs,last_activation,losses,lr,neuron_tuple,optimizer
0,200,184.73927936038456,0.21621622145175934,0.02247774430240194,1.0,<function relu at 0x7f266b967bf8>,5,0.1,200,<function sigmoid at 0x7f266b967d08>,<function binary_crossentropy at 0x7f266ba16b70>,0.41000000000000003,"[25, 20]",<class 'keras.optimizers.Nadam'>
1,100,2.848068449948285,0.31081080436706543,0.4047747552394867,0.8333333134651184,<function elu at 0x7f266b9679d8>,8,0.2,100,<function sigmoid at 0x7f266b967d08>,<function binary_crossentropy at 0x7f266ba16b70>,0.05,"[50, 25, 20]",<class 'keras.optimizers.Adam'>
2,200,15.170714017507192,0.22972972691059113,0.027273686602711678,1.0,<function elu at 0x7f266b9679d8>,8,0.1,200,<function sigmoid at 0x7f266b967d08>,<function binary_crossentropy at 0x7f266ba16b70>,0.32,"[25, 20]",<class 'keras.optimizers.Nadam'>
3,200,8.346008498253088,0.6081081032752991,0.021259893663227558,1.0,<function elu at 0x7f266b9679d8>,2,0.0,200,<function sigmoid at 0x7f266b967d08>,<function binary_crossentropy at 0x7f266ba16b70>,0.23000000000000004,"[25, 20]",<class 'keras.optimizers.Adam'>
4,100,118.80616883973818,0.21621622145175934,0.015926938387565315,1.0,<function relu at 0x7f266b967bf8>,5,0.1,100,<function sigmoid at 0x7f266b967d08>,<function binary_crossentropy at 0x7f266ba16b70>,0.23000000000000004,"[25, 20]",<class 'keras.optimizers.Nadam'>
5,100,32.860551937206374,0.21621622145175934,0.3179472088813782,0.8333333134651184,<function elu at 0x7f266b9679d8>,6,0.4,100,<function sigmoid at 0x7f266b967d08>,<function binary_crossentropy at 0x7f266ba16b70>,0.05,"[50, 25, 20]",<class 'keras.optimizers.Nadam'>
6,200,51.46742859402218,0.21621622145175934,0.004413368180394173,1.0,<function elu at 0x7f266b9679d8>,6,0.0,200,<function sigmoid at 0x7f266b967d08>,<function binary_crossentropy at 0x7f266ba16b70>,0.32,"[50, 25, 20]",<class 'keras.optimizers.Nadam'>
7,200,137.51105013409176,0.21621622145175934,0.0989125408232212,1.0,<function elu at 0x7f266b9679d8>,3,0.1,200,<function sigmoid at 0x7f266b967d08>,<function binary_crossentropy at 0x7f266ba16b70>,0.41000000000000003,[20],<class 'keras.optimizers.Adam'>
8,100,12.45876440294593,0.21621622145175934,0.3796393871307373,0.8333333134651184,<function relu at 0x7f266b967bf8>,3,0.2,100,<function sigmoid at 0x7f266b967d08>,<function binary_crossentropy at 0x7f266ba16b70>,0.05,[20],<class 'keras.optimizers.Nadam'>
9,100,131.97067539111987,0.21621622145175934,0.17429320514202118,1.0,<function elu at 0x7f266b9679d8>,3,0.4,100,<function sigmoid at 0x7f266b967d08>,<function binary_crossentropy at 0x7f266ba16b70>,0.41000000000000003,[20],<class 'keras.optimizers.Nadam'>
10,200,16.325261154690303,0.29729729890823364,0.12399355322122574,1.0,<function relu at 0x7f266b967bf8>,6,0.30000000000000004,200,<function sigmoid at 0x7f266b967d08>,<function binary_crossentropy at 0x7f266ba16b70>,0.41000000000000003,[20],<class 'keras.optimizers.Adam'>
11,200,15.736426871571991,0.5,0.29790934920310974,0.8333333134651184,<function elu at 0x7f266b9679d8>,6,0.4,200,<function sigmoid at 0x7f266b967d08>,<function binary_crossentropy at 0x7f266ba16b70>,0.41000000000000003,"[25, 20]",<class 'keras.optimizers.Adam'>
12,200,165.40126529899803,0.21621622145175934,0.005546857913335164,1.0,<function elu at 0x7f266b9679d8>,4,0.0,200,<function sigmoid at 0x7f266b967d08>,<function binary_crossentropy at 0x7f266ba16b70>,0.23000000000000004,"[25, 20]",<class 'keras.optimizers.Adam'>
13,100,14.877622565636145,0.7837837934494019,0.43434126178423565,0.8333333134651184,<function elu at 0x7f266b9679d8>,2,0.4,100,<function sigmoid at 0x7f266b967d08>,<function binary_crossentropy at 0x7f266ba16b70>,0.14,[20],<class 'keras.optimizers.Nadam'>
14,100,53.010953490798535,0.21621622145175934,0.3383530378341675,0.6666666865348816,<function relu at 0x7f266b967bf8>,9,0.4,100,<function sigmoid at 0x7f266b967d08>,<function binary_crossentropy at 0x7f266ba16b70>,0.23000000000000004,"[50, 25, 20]",<class 'keras.optimizers.Nadam'>
15,200,18.611810168201053,0.662162184715271,0.3479180634021759,1.0,<function elu at 0x7f266b9679d8>,8,0.0,200,<function sigmoid at 0x7f266b967d08>,<function binary_crossentropy at 0x7f266ba16b70>,0.14,[20],<class 'keras.optimizers.Adam'>
16,200,54.22252662761791,0.21621622145175934,0.07244273275136948,1.0,<function elu at 0x7f266b9679d8>,7,0.2,200,<function sigmoid at 0x7f266b967d08>,<function binary_crossentropy at 0x7f266ba16b70>,0.05,[20],<class 'keras.optimizers.Nadam'>
17,100,75.14807195921202,0.21621622145175934,0.012667244377856454,1.0,<function relu at 0x7f266b967bf8>,2,0.1,100,<function sigmoid at 0x7f266b967d08>,<function binary_crossentropy at 0x7f266ba16b70>,0.41000000000000003,"[25, 20]",<class 'keras.optimizers.Nadam'>
18,100,72.26608137182288,0.21621622145175934,0.14565905928611755,1.0,<function relu at 0x7f266b967bf8>,8,0.0,100,<function sigmoid at 0x7f266b967d08>,<function binary_crossentropy at 0x7f266ba16b70>,0.23000000000000004,"[25, 20]",<class 'keras.optimizers.Nadam'>
19,100,46.319560205614245,0.21621622145175934,0.032447594217956066,1.0,<function elu at 0x7f266b9679d8>,4,0.30000000000000004,100,<function sigmoid at 0x7f266b967d08>,<function binary_crossentropy at 0x7f266ba16b70>,0.14,"[25, 20]",<class 'keras.optimizers.Adam'>
20,200,116.16473419601853,0.21621622145175934,0.027379412824908893,1.0,<function elu at 0x7f266b9679d8>,4,0.2,200,<function sigmoid at 0x7f266b967d08>,<function binary_crossentropy at 0x7f266ba16b70>,0.32,[20],<class 'keras.optimizers.Adam'>
21,100,109.14924113170521,0.21621622145175934,0.2552531510591507,1.0,<function relu at 0x7f266b967bf8>,2,0.0,100,<function sigmoid at 0x7f266b967d08>,<function binary_crossentropy at 0x7f266ba16b70>,0.14,[20],<class 'keras.optimizers.Adam'>
22,100,39.60403916642473,0.21621622145175934,0.1850568801164627,1.0,<function relu at 0x7f266b967bf8>,8,0.2,100,<function sigmoid at 0x7f266b967d08>,<function binary_crossentropy at 0x7f266ba16b70>,0.05,[20],<class 'keras.optimizers.Adam'>
23,200,192.7589757249162,0.21621622145175934,0.013634830092390379,1.0,<function elu at 0x7f266b9679d8>,4,0.4,200,<function sigmoid at 0x7f266b967d08>,<function binary_crossentropy at 0x7f266ba16b70>,0.41000000000000003,[20],<class 'keras.optimizers.Nadam'>
24,200,17.703639288206357,0.22972972691059113,0.2340068370103836,1.0,<function relu at 0x7f266b967bf8>,9,0.30000000000000004,200,<function sigmoid at 0x7f266b967d08>,<function binary_crossentropy at 0x7f266ba16b70>,0.14,[20],<class 'keras.optimizers.Nadam'>
25,100,12.788665309018102,0.6891891956329346,0.12462100386619568,1.0,<function elu at 0x7f266b9679d8>,3,0.30000000000000004,100,<function sigmoid at 0x7f266b967d08>,<function binary_crossentropy at 0x7f266ba16b70>,0.23000000000000004,"[25, 20]",<class 'keras.optimizers.Adam'>
26,100,153.4195383690499,0.21621622145175934,0.005469533058203524,1.0,<function elu at 0x7f266b9679d8>,2,0.2,100,<function sigmoid at 0x7f266b967d08>,<function binary_crossentropy at 0x7f266ba16b70>,0.41000000000000003,"[25, 20]",<class 'keras.optimizers.Nadam'>
27,200,55.381157514211296,0.21621622145175934,0.033785720045367874,1.0,<function relu at 0x7f266b967bf8>,2,0.1,200,<function sigmoid at 0x7f266b967d08>,<function binary_crossentropy at 0x7f266ba16b70>,0.23000000000000004,[20],<class 'keras.optimizers.Adam'>
28,100,95.1267823657474,0.21621622145175934,0.0159077113494277,1.0,<function elu at 0x7f266b9679d8>,2,0.4,100,<function sigmoid at 0x7f266b967d08>,<function binary_crossentropy at 0x7f266ba16b70>,0.23000000000000004,"[25, 20]",<class 'keras.optimizers.Adam'>
29,100,181.7473065144307,0.21621622145175934,0.03871583193540573,1.0,<function relu at 0x7f266b967bf8>,9,0.30000000000000004,100,<function sigmoid at 0x7f266b967d08>,<function binary_crossentropy at 0x7f266ba16b70>,0.41000000000000003,"[25, 20]",<class 'keras.optimizers.Adam'>
30,200,51.012139371923496,0.2702702581882477,0.8380293846130371,0.6666666865348816,<function relu at 0x7f266b967bf8>,6,0.30000000000000004,200,<function sigmoid at 0x7f266b967d08>,<function binary_crossentropy at 0x7f266ba16b70>,0.14,[20],<class 'keras.optimizers.Nadam'>
31,100,3.2009668891008225,0.45945945382118225,0.6770319640636444,0.5,<function relu at 0x7f266b967bf8>,2,0.30000000000000004,100,<function sigmoid at 0x7f266b967d08>,<function binary_crossentropy at 0x7f266ba16b70>,0.05,"[50, 25, 20]",<class 'keras.optimizers.Nadam'>
32,200,73.44703550596495,0.21621622145175934,0.09001363068819046,1.0,<function elu at 0x7f266b9679d8>,8,0.2,200,<function sigmoid at 0x7f266b967d08>,<function binary_crossentropy at 0x7f266ba16b70>,0.23000000000000004,[20],<class 'keras.optimizers.Nadam'>
33,200,40.16701654485754,0.22972972691059113,0.2536304295063019,1.0,<function relu at 0x7f266b967bf8>,9,0.0,200,<function sigmoid at 0x7f266b967d08>,<function binary_crossentropy at 0x7f266ba16b70>,0.41000000000000003,[20],<class 'keras.optimizers.Adam'>
34,200,189.35544215021906,0.21621622145175934,0.015437076799571514,1.0,<function relu at 0x7f266b967bf8>,8,0.2,200,<function sigmoid at 0x7f266b967d08>,<function binary_crossentropy at 0x7f266ba16b70>,0.32,"[50, 25, 20]",<class 'keras.optimizers.Adam'>
35,100,28.137731437040397,0.20270270109176636,0.17535783350467682,1.0,<function relu at 0x7f266b967bf8>,3,0.30000000000000004,100,<function sigmoid at 0x7f266b967d08>,<function binary_crossentropy at 0x7f266ba16b70>,0.14,"[25, 20]",<class 'keras.optimizers.Nadam'>
36,200,83.36425580205145,0.21621622145175934,0.008290739031508565,1.0,<function elu at 0x7f266b9679d8>,3,0.30000000000000004,200,<function sigmoid at 0x7f266b967d08>,<function binary_crossentropy at 0x7f266ba16b70>,0.41000000000000003,"[25, 20]",<class 'keras.optimizers.Adam'>
37,200,14.826868244119593,0.36486485600471497,0.1189122200012207,1.0,<function relu at 0x7f266b967bf8>,6,0.0,200,<function sigmoid at 0x7f266b967d08>,<function binary_crossentropy at 0x7f266ba16b70>,0.23000000000000004,"[25, 20]",<class 'keras.optimizers.Adam'>
38,200,222.85084245011612,0.21621622145175934,0.15869270265102386,0.8333333134651184,<function relu at 0x7f266b967bf8>,7,0.4,200,<function sigmoid at 0x7f266b967d08>,<function binary_crossentropy at 0x7f266ba16b70>,0.41000000000000003,"[50, 25, 20]",<class 'keras.optimizers.Nadam'>
39,100,29.894446495888367,0.21621622145175934,0.3347034951051076,1.0,<function relu at 0x7f266b967bf8>,2,0.2,100,<function sigmoid at 0x7f266b967d08>,<function binary_crossentropy at 0x7f266ba16b70>,0.14,"[50, 25, 20]",<class 'keras.optimizers.Adam'>
40,200,207.6093910578135,0.21621622145175934,0.047275843642031155,1.0,<function relu at 0x7f266b967bf8>,2,0.4,200,<function sigmoid at 0x7f266b967d08>,<function binary_crossentropy at 0x7f266ba16b70>,0.05,[20],<class 'keras.optimizers.Nadam'>
41,100,42.86670726054424,0.21621622145175934,0.06698345082501571,1.0,<function elu at 0x7f266b9679d8>,2,0.4,100,<function sigmoid at 0x7f266b967d08>,<function binary_crossentropy at 0x7f266ba16b70>,0.41000000000000003,"[25, 20]",<class 'keras.optimizers.Nadam'>
42,100,79.05982681867239,0.21621622145175934,0.04043723922222853,1.0,<function relu at 0x7f266b967bf8>,3,0.30000000000000004,100,<function sigmoid at 0x7f266b967d08>,<function binary_crossentropy at 0x7f266ba16b70>,0.41000000000000003,"[50, 25, 20]",<class 'keras.optimizers.Adam'>
43,100,40.95304580638502,0.21621622145175934,0.009786899667233229,1.0,<function elu at 0x7f266b9679d8>,3,0.1,100,<function sigmoid at 0x7f266b967d08>,<function binary_crossentropy at 0x7f266ba16b70>,0.14,"[50, 25, 20]",<class 'keras.optimizers.Nadam'>
44,200,38.3357783137141,0.2567567527294159,0.3189567029476166,1.0,<function elu at 0x7f266b9679d8>,9,0.30000000000000004,200,<function sigmoid at 0x7f266b967d08>,<function binary_crossentropy at 0x7f266ba16b70>,0.32,[20],<class 'keras.optimizers.Adam'>
45,100,94.21867834555137,0.21621622145175934,0.5577558279037476,0.5,<function relu at 0x7f266b967bf8>,6,0.2,100,<function sigmoid at 0x7f266b967d08>,<function binary_crossentropy at 0x7f266ba16b70>,0.14,[20],<class 'keras.optimizers.Adam'>
46,100,73.15918807725649,0.21621622145175934,0.2687295079231262,0.8333333134651184,<function relu at 0x7f266b967bf8>,4,0.4,100,<function sigmoid at 0x7f266b967d08>,<function binary_crossentropy at 0x7f266ba16b70>,0.23000000000000004,[20],<class 'keras.optimizers.Nadam'>
47,200,117.81714248657227,0.21621622145175934,0.0011485788272693753,1.0,<function elu at 0x7f266b9679d8>,7,0.1,200,<function sigmoid at 0x7f266b967d08>,<function binary_crossentropy at 0x7f266ba16b70>,0.23000000000000004,"[50, 25, 20]",<class 'keras.optimizers.Nadam'>
